,run,method,dataset,metric,value
0,PSNN_wSurrGPT_wFaults_acuteinflammation_run1,wFaults,acuteinflammation,test_acc_mode_none,0.3199999928474426
1,PSNN_wSurrGPT_wFaults_acuteinflammation_run1,wFaults,acuteinflammation,test_acc_mode_single,0.3199999928474426
2,PSNN_wSurrGPT_wFaults_acuteinflammation_run1,wFaults,acuteinflammation,val_power,0.1939115673303604
3,PSNN_wSurrGPT_woFaults_acuteinflammation_run1,woFaults,acuteinflammation,test_acc_mode_none,0.3199999928474426
4,PSNN_wSurrGPT_woFaults_acuteinflammation_run1,woFaults,acuteinflammation,test_acc_mode_single,0.6800000071525574
5,PSNN_wSurrGPT_woFaults_acuteinflammation_run1,woFaults,acuteinflammation,val_power,0.0017903948901221156
6,PSNN_wSurrGPT_woFaults_cbf_run1,woFaults,cbf,test_acc_mode_none,0.44999998807907104
7,PSNN_wSurrGPT_woFaults_cbf_run1,woFaults,cbf,test_acc_mode_single,0.5600000023841858
8,PSNN_wSurrGPT_woFaults_cbf_run1,woFaults,cbf,val_power,0.0013076254399493337
9,PSNN_wSurrGPT_wFaults_cbf_run1,wFaults,cbf,test_acc_mode_none,0.6299999952316284
10,PSNN_wSurrGPT_wFaults_cbf_run1,wFaults,cbf,test_acc_mode_single,0.5799999833106995
11,PSNN_wSurrGPT_wFaults_cbf_run1,wFaults,cbf,val_power,0.0018320539966225624
12,PSNN_wSurrGPT_woFaults_acuteinflammation_run2,woFaults,acuteinflammation,test_acc_mode_none,0.3199999928474426
13,PSNN_wSurrGPT_woFaults_acuteinflammation_run2,woFaults,acuteinflammation,test_acc_mode_single,0.3199999928474426
14,PSNN_wSurrGPT_woFaults_acuteinflammation_run2,woFaults,acuteinflammation,val_power,0.00548918591812253
15,PSNN_wSurrGPT_wFaults_acuteinflammation_run2,wFaults,acuteinflammation,test_acc_mode_none,0.3199999928474426
16,PSNN_wSurrGPT_wFaults_acuteinflammation_run2,wFaults,acuteinflammation,test_acc_mode_single,0.3199999928474426
17,PSNN_wSurrGPT_wFaults_acuteinflammation_run2,wFaults,acuteinflammation,val_power,0.028808990493416783
18,PSNN_wSurrGPT_woFaults_cbf_run2,woFaults,cbf,test_acc_mode_none,0.4300000071525574
19,PSNN_wSurrGPT_woFaults_cbf_run2,woFaults,cbf,test_acc_mode_single,0.4099999964237213
20,PSNN_wSurrGPT_woFaults_cbf_run2,woFaults,cbf,val_power,0.0016253384528681636
21,PSNN_wSurrGPT_wFaults_cbf_run2,wFaults,cbf,test_acc_mode_none,0.800000011920929
22,PSNN_wSurrGPT_wFaults_cbf_run2,wFaults,cbf,test_acc_mode_single,0.47999998927116394
23,PSNN_wSurrGPT_wFaults_cbf_run2,wFaults,cbf,val_power,0.0051964567974209785
24,PSNN_wSurrGPT_woFaults_acuteinflammation_run3,woFaults,acuteinflammation,test_acc_mode_none,0.3199999928474426
25,PSNN_wSurrGPT_woFaults_acuteinflammation_run3,woFaults,acuteinflammation,test_acc_mode_single,0.3199999928474426
26,PSNN_wSurrGPT_woFaults_acuteinflammation_run3,woFaults,acuteinflammation,val_power,0.006541547365486622
27,PSNN_wSurrGPT_wFaults_acuteinflammation_run3,wFaults,acuteinflammation,test_acc_mode_none,0.3199999928474426
28,PSNN_wSurrGPT_wFaults_acuteinflammation_run3,wFaults,acuteinflammation,test_acc_mode_single,0.3199999928474426
29,PSNN_wSurrGPT_wFaults_acuteinflammation_run3,wFaults,acuteinflammation,val_power,0.002008403418585658
30,PSNN_wSurrGPT_woFaults_cbf_run3,woFaults,cbf,test_acc_mode_none,0.6100000143051147
31,PSNN_wSurrGPT_woFaults_cbf_run3,woFaults,cbf,test_acc_mode_single,0.5699999928474426
32,PSNN_wSurrGPT_woFaults_cbf_run3,woFaults,cbf,val_power,0.0010557257337495685
33,PSNN_wSurrGPT_wFaults_cbf_run3,wFaults,cbf,test_acc_mode_none,0.7200000286102295
34,PSNN_wSurrGPT_wFaults_cbf_run3,wFaults,cbf,test_acc_mode_single,0.6399999856948853
35,PSNN_wSurrGPT_wFaults_cbf_run3,wFaults,cbf,val_power,0.014805100858211516
36,PSNN_wSurrGPT_woFaults_acuteinflammation_run4,woFaults,acuteinflammation,test_acc_mode_none,0.3199999928474426
37,PSNN_wSurrGPT_woFaults_acuteinflammation_run4,woFaults,acuteinflammation,test_acc_mode_single,0.3199999928474426
38,PSNN_wSurrGPT_woFaults_acuteinflammation_run4,woFaults,acuteinflammation,val_power,0.0008296867017634213
39,PSNN_wSurrGPT_wFaults_acuteinflammation_run4,wFaults,acuteinflammation,test_acc_mode_none,0.3199999928474426
40,PSNN_wSurrGPT_wFaults_acuteinflammation_run4,wFaults,acuteinflammation,test_acc_mode_single,0.3199999928474426
41,PSNN_wSurrGPT_wFaults_acuteinflammation_run4,wFaults,acuteinflammation,val_power,0.0007143441471271217
42,PSNN_wSurrGPT_woFaults_acuteinflammation_run5,woFaults,acuteinflammation,test_acc_mode_none,0.6800000071525574
43,PSNN_wSurrGPT_woFaults_acuteinflammation_run5,woFaults,acuteinflammation,test_acc_mode_single,0.6800000071525574
44,PSNN_wSurrGPT_woFaults_acuteinflammation_run5,woFaults,acuteinflammation,val_power,0.0008134959498420358
45,PSNN_wSurrGPT_woFaults_cbf_run4,woFaults,cbf,test_acc_mode_none,0.7200000286102295
46,PSNN_wSurrGPT_woFaults_cbf_run4,woFaults,cbf,test_acc_mode_single,0.5099999904632568
47,PSNN_wSurrGPT_woFaults_cbf_run4,woFaults,cbf,val_power,0.002452592831104994
48,PSNN_wSurrGPT_wFaults_cbf_run4,wFaults,cbf,test_acc_mode_none,0.41999998688697815
49,PSNN_wSurrGPT_wFaults_cbf_run4,wFaults,cbf,test_acc_mode_single,0.4300000071525574
50,PSNN_wSurrGPT_wFaults_cbf_run4,wFaults,cbf,val_power,0.0023148206528276205
51,PSNN_wSurrGPT_wFaults_acuteinflammation_run5,wFaults,acuteinflammation,test_acc_mode_none,0.6800000071525574
52,PSNN_wSurrGPT_wFaults_acuteinflammation_run5,wFaults,acuteinflammation,test_acc_mode_single,0.6800000071525574
53,PSNN_wSurrGPT_wFaults_acuteinflammation_run5,wFaults,acuteinflammation,val_power,0.0012967443326488135
54,PSNN_wSurrGPT_woFaults_acuteinflammation_run6,woFaults,acuteinflammation,test_acc_mode_none,0.6800000071525574
55,PSNN_wSurrGPT_woFaults_acuteinflammation_run6,woFaults,acuteinflammation,test_acc_mode_single,0.6800000071525574
56,PSNN_wSurrGPT_woFaults_acuteinflammation_run6,woFaults,acuteinflammation,val_power,0.002531590638682246
57,PSNN_wSurrGPT_wFaults_acuteinflammation_run6,wFaults,acuteinflammation,test_acc_mode_none,0.6800000071525574
58,PSNN_wSurrGPT_wFaults_acuteinflammation_run6,wFaults,acuteinflammation,test_acc_mode_single,0.6800000071525574
59,PSNN_wSurrGPT_wFaults_acuteinflammation_run6,wFaults,acuteinflammation,val_power,0.0005378720816224813
60,PSNN_wSurrGPT_woFaults_cbf_run5,woFaults,cbf,test_acc_mode_none,0.5899999737739563
61,PSNN_wSurrGPT_woFaults_cbf_run5,woFaults,cbf,test_acc_mode_single,0.5799999833106995
62,PSNN_wSurrGPT_woFaults_cbf_run5,woFaults,cbf,val_power,0.0030724238604307175
63,PSNN_wSurrGPT_wFaults_cbf_run5,wFaults,cbf,test_acc_mode_none,0.7799999713897705
64,PSNN_wSurrGPT_wFaults_cbf_run5,wFaults,cbf,test_acc_mode_single,0.4099999964237213
65,PSNN_wSurrGPT_wFaults_cbf_run5,wFaults,cbf,val_power,0.009820006787776949
66,PSNN_wSurrGPT_woFaults_balancescale_run1,woFaults,balancescale,test_acc_mode_none,0.797468364238739
67,PSNN_wSurrGPT_woFaults_balancescale_run1,woFaults,balancescale,test_acc_mode_single,0.797468364238739
68,PSNN_wSurrGPT_woFaults_balancescale_run1,woFaults,balancescale,val_power,0.0018751625902950764
69,PSNN_wSurrGPT_wFaults_balancescale_run1,wFaults,balancescale,test_acc_mode_none,0.8101266026496887
70,PSNN_wSurrGPT_wFaults_balancescale_run1,wFaults,balancescale,test_acc_mode_single,0.7848101258277893
71,PSNN_wSurrGPT_wFaults_balancescale_run1,wFaults,balancescale,val_power,0.0037914987187832594
72,PSNN_wSurrGPT_woFaults_cbf_run6,woFaults,cbf,test_acc_mode_none,0.6899999976158142
73,PSNN_wSurrGPT_woFaults_cbf_run6,woFaults,cbf,test_acc_mode_single,0.4600000083446502
74,PSNN_wSurrGPT_woFaults_cbf_run6,woFaults,cbf,val_power,0.0035734432749450207
75,PSNN_wSurrGPT_wFaults_cbf_run6,wFaults,cbf,test_acc_mode_none,0.7599999904632568
76,PSNN_wSurrGPT_wFaults_cbf_run6,wFaults,cbf,test_acc_mode_single,0.6100000143051147
77,PSNN_wSurrGPT_wFaults_cbf_run6,wFaults,cbf,val_power,0.004124445375055075
78,PSNN_wSurrGPT_woFaults_distalphalanxtw_run1,woFaults,distalphalanxtw,test_acc_mode_none,0.4600000083446502
79,PSNN_wSurrGPT_woFaults_distalphalanxtw_run1,woFaults,distalphalanxtw,test_acc_mode_single,0.4600000083446502
80,PSNN_wSurrGPT_woFaults_distalphalanxtw_run1,woFaults,distalphalanxtw,val_power,0.006647759582847357
81,PSNN_wSurrGPT_wFaults_distalphalanxtw_run1,wFaults,distalphalanxtw,test_acc_mode_none,0.4600000083446502
82,PSNN_wSurrGPT_wFaults_distalphalanxtw_run1,wFaults,distalphalanxtw,test_acc_mode_single,0.4600000083446502
83,PSNN_wSurrGPT_wFaults_distalphalanxtw_run1,wFaults,distalphalanxtw,val_power,0.015040972270071508
84,PSNN_wSurrGPT_woFaults_balancescale_run2,woFaults,balancescale,test_acc_mode_none,0.8481012582778931
85,PSNN_wSurrGPT_woFaults_balancescale_run2,woFaults,balancescale,test_acc_mode_single,0.8227847814559937
86,PSNN_wSurrGPT_woFaults_balancescale_run2,woFaults,balancescale,val_power,0.003339619841426611
87,PSNN_wSurrGPT_wFaults_balancescale_run2,wFaults,balancescale,test_acc_mode_none,0.8607594966888428
88,PSNN_wSurrGPT_wFaults_balancescale_run2,wFaults,balancescale,test_acc_mode_single,0.8607594966888428
89,PSNN_wSurrGPT_wFaults_balancescale_run2,wFaults,balancescale,val_power,0.0033237740863114595
90,PSNN_wSurrGPT_woFaults_distalphalanxtw_run2,woFaults,distalphalanxtw,test_acc_mode_none,0.4600000083446502
91,PSNN_wSurrGPT_woFaults_distalphalanxtw_run2,woFaults,distalphalanxtw,test_acc_mode_single,0.4600000083446502
92,PSNN_wSurrGPT_woFaults_distalphalanxtw_run2,woFaults,distalphalanxtw,val_power,0.0016478479374200106
93,PSNN_wSurrGPT_wFaults_distalphalanxtw_run2,wFaults,distalphalanxtw,test_acc_mode_none,0.4600000083446502
94,PSNN_wSurrGPT_wFaults_distalphalanxtw_run2,wFaults,distalphalanxtw,test_acc_mode_single,0.4600000083446502
95,PSNN_wSurrGPT_wFaults_distalphalanxtw_run2,wFaults,distalphalanxtw,val_power,0.0017506101867184043
96,PSNN_wSurrGPT_woFaults_balancescale_run3,woFaults,balancescale,test_acc_mode_none,0.7215189933776855
97,PSNN_wSurrGPT_woFaults_balancescale_run3,woFaults,balancescale,test_acc_mode_single,0.746835470199585
98,PSNN_wSurrGPT_woFaults_balancescale_run3,woFaults,balancescale,val_power,0.0043797725811600685
99,PSNN_wSurrGPT_woFaults_distalphalanxtw_run3,woFaults,distalphalanxtw,test_acc_mode_none,0.4600000083446502
100,PSNN_wSurrGPT_woFaults_distalphalanxtw_run3,woFaults,distalphalanxtw,test_acc_mode_single,0.4600000083446502
101,PSNN_wSurrGPT_woFaults_distalphalanxtw_run3,woFaults,distalphalanxtw,val_power,0.0016570733860135078
102,PSNN_wSurrGPT_wFaults_distalphalanxtw_run3,wFaults,distalphalanxtw,test_acc_mode_none,0.4600000083446502
103,PSNN_wSurrGPT_wFaults_distalphalanxtw_run3,wFaults,distalphalanxtw,test_acc_mode_single,0.4600000083446502
104,PSNN_wSurrGPT_wFaults_distalphalanxtw_run3,wFaults,distalphalanxtw,val_power,0.0009264100226573646
105,PSNN_wSurrGPT_wFaults_balancescale_run3,wFaults,balancescale,test_acc_mode_none,0.7088607549667358
106,PSNN_wSurrGPT_wFaults_balancescale_run3,wFaults,balancescale,test_acc_mode_single,0.7721518874168396
107,PSNN_wSurrGPT_wFaults_balancescale_run3,wFaults,balancescale,val_power,0.005335042718797922
108,PSNN_wSurrGPT_woFaults_distalphalanxtw_run4,woFaults,distalphalanxtw,test_acc_mode_none,0.4600000083446502
109,PSNN_wSurrGPT_woFaults_distalphalanxtw_run4,woFaults,distalphalanxtw,test_acc_mode_single,0.4600000083446502
110,PSNN_wSurrGPT_woFaults_distalphalanxtw_run4,woFaults,distalphalanxtw,val_power,0.0028078234754502773
111,PSNN_wSurrGPT_wFaults_distalphalanxtw_run4,wFaults,distalphalanxtw,test_acc_mode_none,0.4600000083446502
112,PSNN_wSurrGPT_wFaults_distalphalanxtw_run4,wFaults,distalphalanxtw,test_acc_mode_single,0.4600000083446502
113,PSNN_wSurrGPT_wFaults_distalphalanxtw_run4,wFaults,distalphalanxtw,val_power,0.011324649676680563
114,PSNN_wSurrGPT_woFaults_balancescale_run4,woFaults,balancescale,test_acc_mode_none,0.8227847814559937
115,PSNN_wSurrGPT_woFaults_balancescale_run4,woFaults,balancescale,test_acc_mode_single,0.797468364238739
116,PSNN_wSurrGPT_woFaults_balancescale_run4,woFaults,balancescale,val_power,0.004237929824739695
117,PSNN_wSurrGPT_woFaults_distalphalanxtw_run5,woFaults,distalphalanxtw,test_acc_mode_none,0.4600000083446502
118,PSNN_wSurrGPT_woFaults_distalphalanxtw_run5,woFaults,distalphalanxtw,test_acc_mode_single,0.4600000083446502
119,PSNN_wSurrGPT_woFaults_distalphalanxtw_run5,woFaults,distalphalanxtw,val_power,0.0048073469661176205
120,PSNN_wSurrGPT_wFaults_distalphalanxtw_run5,wFaults,distalphalanxtw,test_acc_mode_none,0.4600000083446502
121,PSNN_wSurrGPT_wFaults_distalphalanxtw_run5,wFaults,distalphalanxtw,test_acc_mode_single,0.4600000083446502
122,PSNN_wSurrGPT_wFaults_distalphalanxtw_run5,wFaults,distalphalanxtw,val_power,0.005559065379202366
123,PSNN_wSurrGPT_wFaults_balancescale_run4,wFaults,balancescale,test_acc_mode_none,0.8734177350997925
124,PSNN_wSurrGPT_wFaults_balancescale_run4,wFaults,balancescale,test_acc_mode_single,0.8607594966888428
125,PSNN_wSurrGPT_wFaults_balancescale_run4,wFaults,balancescale,val_power,0.002917863894253969
126,PSNN_wSurrGPT_woFaults_distalphalanxtw_run6,woFaults,distalphalanxtw,test_acc_mode_none,0.4600000083446502
127,PSNN_wSurrGPT_woFaults_distalphalanxtw_run6,woFaults,distalphalanxtw,test_acc_mode_single,0.4600000083446502
128,PSNN_wSurrGPT_woFaults_distalphalanxtw_run6,woFaults,distalphalanxtw,val_power,0.003141844877973199
129,PSNN_wSurrGPT_wFaults_powercons_run1,wFaults,powercons,test_acc_mode_none,0.625
130,PSNN_wSurrGPT_wFaults_powercons_run1,wFaults,powercons,test_acc_mode_single,0.6111111044883728
131,PSNN_wSurrGPT_wFaults_powercons_run1,wFaults,powercons,val_power,0.0013076396426185966
132,PSNN_wSurrGPT_woFaults_powercons_run1,woFaults,powercons,test_acc_mode_none,0.4861111044883728
133,PSNN_wSurrGPT_woFaults_powercons_run1,woFaults,powercons,test_acc_mode_single,0.4861111044883728
134,PSNN_wSurrGPT_woFaults_powercons_run1,woFaults,powercons,val_power,0.0025389492511749268
135,PSNN_wSurrGPT_woFaults_slope_run1,woFaults,slope,test_acc_mode_none,0.5
136,PSNN_wSurrGPT_woFaults_slope_run1,woFaults,slope,test_acc_mode_single,0.5
137,PSNN_wSurrGPT_woFaults_slope_run1,woFaults,slope,val_power,0.0001612438791198656
138,PSNN_wSurrGPT_wFaults_slope_run1,wFaults,slope,test_acc_mode_none,0.5
139,PSNN_wSurrGPT_wFaults_slope_run1,wFaults,slope,test_acc_mode_single,0.5
140,PSNN_wSurrGPT_wFaults_slope_run1,wFaults,slope,val_power,0.0007792339310981333
141,PSNN_wSurrGPT_wFaults_energyy1_run1,wFaults,energyy1,test_acc_mode_none,0.8481012582778931
142,PSNN_wSurrGPT_wFaults_energyy1_run1,wFaults,energyy1,test_acc_mode_single,0.797468364238739
143,PSNN_wSurrGPT_wFaults_energyy1_run1,wFaults,energyy1,val_power,0.001678568427450955
144,PSNN_wSurrGPT_woFaults_energyy1_run1,woFaults,energyy1,test_acc_mode_none,0.8481012582778931
145,PSNN_wSurrGPT_woFaults_energyy1_run1,woFaults,energyy1,test_acc_mode_single,0.8481012582778931
146,PSNN_wSurrGPT_woFaults_energyy1_run1,woFaults,energyy1,val_power,0.0012446274049580095
147,PSNN_wSurrGPT_woFaults_seeds_run1,woFaults,seeds,test_acc_mode_none,0.20930232107639313
148,PSNN_wSurrGPT_woFaults_seeds_run1,woFaults,seeds,test_acc_mode_single,0.20930232107639313
149,PSNN_wSurrGPT_woFaults_seeds_run1,woFaults,seeds,val_power,0.0019070858834311368
150,PSNN_wSurrGPT_wFaults_seeds_run1,wFaults,seeds,test_acc_mode_none,0.20930232107639313
151,PSNN_wSurrGPT_wFaults_seeds_run1,wFaults,seeds,test_acc_mode_single,0.20930232107639313
152,PSNN_wSurrGPT_wFaults_seeds_run1,wFaults,seeds,val_power,0.002353779273107648
153,PSNN_wSurrGPT_wFaults_tictactoe_run1,wFaults,tictactoe,test_acc_mode_none,0.6708860993385315
154,PSNN_wSurrGPT_wFaults_tictactoe_run1,wFaults,tictactoe,test_acc_mode_single,0.6708860993385315
155,PSNN_wSurrGPT_wFaults_tictactoe_run1,wFaults,tictactoe,val_power,0.006078612059354782
156,PSNN_wSurrGPT_woFaults_tictactoe_run1,woFaults,tictactoe,test_acc_mode_none,0.6708860993385315
157,PSNN_wSurrGPT_woFaults_tictactoe_run1,woFaults,tictactoe,test_acc_mode_single,0.6708860993385315
158,PSNN_wSurrGPT_woFaults_tictactoe_run1,woFaults,tictactoe,val_power,0.002637942088767886
159,PSNN_wSurrGPT_woFaults_gunpointoldversusyoung_run1,woFaults,gunpointoldversusyoung,test_acc_mode_none,1.0
160,PSNN_wSurrGPT_woFaults_gunpointoldversusyoung_run1,woFaults,gunpointoldversusyoung,test_acc_mode_single,0.9450549483299256
161,PSNN_wSurrGPT_woFaults_gunpointoldversusyoung_run1,woFaults,gunpointoldversusyoung,val_power,0.002035539597272873
162,PSNN_wSurrGPT_wFaults_gunpointoldversusyoung_run1,wFaults,gunpointoldversusyoung,test_acc_mode_none,1.0
163,PSNN_wSurrGPT_wFaults_gunpointoldversusyoung_run1,wFaults,gunpointoldversusyoung,test_acc_mode_single,1.0
164,PSNN_wSurrGPT_wFaults_gunpointoldversusyoung_run1,wFaults,gunpointoldversusyoung,val_power,0.001281682401895523
165,PSNN_wSurrGPT_wFaults_selfregulationscp2_run1,wFaults,selfregulationscp2,test_acc_mode_none,0.5263158082962036
166,PSNN_wSurrGPT_wFaults_selfregulationscp2_run1,wFaults,selfregulationscp2,test_acc_mode_single,0.5263158082962036
167,PSNN_wSurrGPT_wFaults_selfregulationscp2_run1,wFaults,selfregulationscp2,val_power,0.0006873641395941377
168,PSNN_wSurrGPT_woFaults_selfregulationscp2_run1,woFaults,selfregulationscp2,test_acc_mode_none,0.5263158082962036
169,PSNN_wSurrGPT_woFaults_selfregulationscp2_run1,woFaults,selfregulationscp2,test_acc_mode_single,0.5263158082962036
170,PSNN_wSurrGPT_woFaults_selfregulationscp2_run1,woFaults,selfregulationscp2,val_power,0.0004856304149143398
171,PSNN_wSurrGPT_wFaults_powercons_run2,wFaults,powercons,test_acc_mode_none,0.5
172,PSNN_wSurrGPT_wFaults_powercons_run2,wFaults,powercons,test_acc_mode_single,0.5694444179534912
173,PSNN_wSurrGPT_wFaults_powercons_run2,wFaults,powercons,val_power,0.004270436242222786
174,PSNN_wSurrGPT_wFaults_powercons_run2,wFaults,powercons,test_acc_mode_none,0.4861111044883728
175,PSNN_wSurrGPT_wFaults_powercons_run2,wFaults,powercons,test_acc_mode_single,0.4861111044883728
176,PSNN_wSurrGPT_wFaults_powercons_run2,wFaults,powercons,val_power,0.0012890372890979052
177,PSNN_wSurrGPT_woFaults_seeds_run2,woFaults,seeds,test_acc_mode_none,0.5348837375640869
178,PSNN_wSurrGPT_woFaults_seeds_run2,woFaults,seeds,test_acc_mode_single,0.5348837375640869
179,PSNN_wSurrGPT_woFaults_seeds_run2,woFaults,seeds,val_power,0.0014499922981485724
180,PSNN_wSurrGPT_wFaults_slope_run2,wFaults,slope,test_acc_mode_none,0.5
181,PSNN_wSurrGPT_wFaults_slope_run2,wFaults,slope,test_acc_mode_single,0.5
182,PSNN_wSurrGPT_wFaults_slope_run2,wFaults,slope,val_power,0.00013375747948884964
183,PSNN_wSurrGPT_woFaults_slope_run2,woFaults,slope,test_acc_mode_none,0.5
184,PSNN_wSurrGPT_woFaults_slope_run2,woFaults,slope,test_acc_mode_single,0.5
185,PSNN_wSurrGPT_woFaults_slope_run2,woFaults,slope,val_power,0.0002530572237446904
186,PSNN_wSurrGPT_wFaults_seeds_run2,wFaults,seeds,test_acc_mode_none,0.25581395626068115
187,PSNN_wSurrGPT_wFaults_seeds_run2,wFaults,seeds,test_acc_mode_single,0.25581395626068115
188,PSNN_wSurrGPT_wFaults_seeds_run2,wFaults,seeds,val_power,0.00022364679898601025
189,PSNN_wSurrGPT_wFaults_gunpointoldversusyoung_run2,wFaults,gunpointoldversusyoung,test_acc_mode_none,0.9450549483299256
190,PSNN_wSurrGPT_wFaults_gunpointoldversusyoung_run2,wFaults,gunpointoldversusyoung,test_acc_mode_single,0.9230769276618958
191,PSNN_wSurrGPT_wFaults_gunpointoldversusyoung_run2,wFaults,gunpointoldversusyoung,val_power,0.0017183335730805993
192,PSNN_wSurrGPT_woFaults_gunpointoldversusyoung_run2,woFaults,gunpointoldversusyoung,test_acc_mode_none,1.0
193,PSNN_wSurrGPT_woFaults_gunpointoldversusyoung_run2,woFaults,gunpointoldversusyoung,test_acc_mode_single,0.692307710647583
194,PSNN_wSurrGPT_woFaults_gunpointoldversusyoung_run2,woFaults,gunpointoldversusyoung,val_power,0.006981040816754103
195,PSNN_wSurrGPT_woFaults_selfregulationscp2_run2,woFaults,selfregulationscp2,test_acc_mode_none,0.5263158082962036
196,PSNN_wSurrGPT_woFaults_selfregulationscp2_run2,woFaults,selfregulationscp2,test_acc_mode_single,0.5263158082962036
197,PSNN_wSurrGPT_woFaults_selfregulationscp2_run2,woFaults,selfregulationscp2,val_power,0.00019817125576082617
198,PSNN_wSurrGPT_wFaults_selfregulationscp2_run2,wFaults,selfregulationscp2,test_acc_mode_none,0.5263158082962036
199,PSNN_wSurrGPT_wFaults_selfregulationscp2_run2,wFaults,selfregulationscp2,test_acc_mode_single,0.5263158082962036
200,PSNN_wSurrGPT_wFaults_selfregulationscp2_run2,wFaults,selfregulationscp2,val_power,0.00011586858454393224
201,PSNN_wSurrGPT_wFaults_powercons_run3,wFaults,powercons,test_acc_mode_none,0.4861111044883728
202,PSNN_wSurrGPT_wFaults_powercons_run3,wFaults,powercons,test_acc_mode_single,0.4861111044883728
203,PSNN_wSurrGPT_wFaults_powercons_run3,wFaults,powercons,val_power,0.012684139423072338
204,PSNN_wSurrGPT_woFaults_powercons_run3,woFaults,powercons,test_acc_mode_none,0.4861111044883728
205,PSNN_wSurrGPT_woFaults_powercons_run3,woFaults,powercons,test_acc_mode_single,0.5138888955116272
206,PSNN_wSurrGPT_woFaults_powercons_run3,woFaults,powercons,val_power,0.0006067778449505568
207,PSNN_wSurrGPT_woFaults_seeds_run3,woFaults,seeds,test_acc_mode_none,0.25581395626068115
208,PSNN_wSurrGPT_woFaults_seeds_run3,woFaults,seeds,test_acc_mode_single,0.25581395626068115
209,PSNN_wSurrGPT_woFaults_seeds_run3,woFaults,seeds,val_power,0.0006626496324315667
210,PSNN_wSurrGPT_wFaults_slope_run3,wFaults,slope,test_acc_mode_none,0.5
211,PSNN_wSurrGPT_wFaults_slope_run3,wFaults,slope,test_acc_mode_single,0.5
212,PSNN_wSurrGPT_wFaults_slope_run3,wFaults,slope,val_power,0.0004319954023230821
213,PSNN_wSurrGPT_woFaults_slope_run3,woFaults,slope,test_acc_mode_none,0.5
214,PSNN_wSurrGPT_woFaults_slope_run3,woFaults,slope,test_acc_mode_single,0.5
215,PSNN_wSurrGPT_woFaults_slope_run3,woFaults,slope,val_power,0.0006007583579048514
216,PSNN_wSurrGPT_wFaults_seeds_run3,wFaults,seeds,test_acc_mode_none,0.25581395626068115
217,PSNN_wSurrGPT_wFaults_seeds_run3,wFaults,seeds,test_acc_mode_single,0.25581395626068115
218,PSNN_wSurrGPT_wFaults_seeds_run3,wFaults,seeds,val_power,0.0008370246505364776
219,PSNN_wSurrGPT_wFaults_gunpointoldversusyoung_run3,wFaults,gunpointoldversusyoung,test_acc_mode_none,1.0
220,PSNN_wSurrGPT_wFaults_gunpointoldversusyoung_run3,wFaults,gunpointoldversusyoung,test_acc_mode_single,0.6813187003135681
221,PSNN_wSurrGPT_wFaults_gunpointoldversusyoung_run3,wFaults,gunpointoldversusyoung,val_power,0.003562710015103221
222,PSNN_wSurrGPT_woFaults_selfregulationscp2_run3,woFaults,selfregulationscp2,test_acc_mode_none,0.5263158082962036
223,PSNN_wSurrGPT_woFaults_selfregulationscp2_run3,woFaults,selfregulationscp2,test_acc_mode_single,0.5263158082962036
224,PSNN_wSurrGPT_woFaults_selfregulationscp2_run3,woFaults,selfregulationscp2,val_power,0.0004961465601809323
225,PSNN_wSurrGPT_woFaults_gunpointoldversusyoung_run3,woFaults,gunpointoldversusyoung,test_acc_mode_none,0.5164835453033447
226,PSNN_wSurrGPT_woFaults_gunpointoldversusyoung_run3,woFaults,gunpointoldversusyoung,test_acc_mode_single,0.5164835453033447
227,PSNN_wSurrGPT_woFaults_gunpointoldversusyoung_run3,woFaults,gunpointoldversusyoung,val_power,0.0024627649690955877
228,PSNN_wSurrGPT_wFaults_selfregulationscp2_run3,wFaults,selfregulationscp2,test_acc_mode_none,0.5263158082962036
229,PSNN_wSurrGPT_wFaults_selfregulationscp2_run3,wFaults,selfregulationscp2,test_acc_mode_single,0.5263158082962036
230,PSNN_wSurrGPT_wFaults_selfregulationscp2_run3,wFaults,selfregulationscp2,val_power,0.0010272677754983306
231,PSNN_wSurrGPT_wFaults_powercons_run4,wFaults,powercons,test_acc_mode_none,0.5972222089767456
232,PSNN_wSurrGPT_wFaults_powercons_run4,wFaults,powercons,test_acc_mode_single,0.5833333134651184
233,PSNN_wSurrGPT_wFaults_powercons_run4,wFaults,powercons,val_power,0.0015141789335757494
234,PSNN_wSurrGPT_woFaults_powercons_run4,woFaults,powercons,test_acc_mode_none,0.4861111044883728
235,PSNN_wSurrGPT_woFaults_powercons_run4,woFaults,powercons,test_acc_mode_single,0.4861111044883728
236,PSNN_wSurrGPT_woFaults_powercons_run4,woFaults,powercons,val_power,0.0003097227308899164
237,PSNN_wSurrGPT_woFaults_seeds_run4,woFaults,seeds,test_acc_mode_none,0.20930232107639313
238,PSNN_wSurrGPT_woFaults_seeds_run4,woFaults,seeds,test_acc_mode_single,0.20930232107639313
239,PSNN_wSurrGPT_woFaults_seeds_run4,woFaults,seeds,val_power,0.0010569777805358171
240,PSNN_wSurrGPT_woFaults_tictactoe_run2,woFaults,tictactoe,test_acc_mode_none,0.8227847814559937
241,PSNN_wSurrGPT_woFaults_tictactoe_run2,woFaults,tictactoe,test_acc_mode_single,0.7848101258277893
242,PSNN_wSurrGPT_woFaults_tictactoe_run2,woFaults,tictactoe,val_power,0.002226276556029916
243,PSNN_wSurrGPT_wFaults_slope_run4,wFaults,slope,test_acc_mode_none,0.5
244,PSNN_wSurrGPT_wFaults_slope_run4,wFaults,slope,test_acc_mode_single,0.5
245,PSNN_wSurrGPT_wFaults_slope_run4,wFaults,slope,val_power,0.00010677640239009634
246,PSNN_wSurrGPT_woFaults_energyy1_run2,woFaults,energyy1,test_acc_mode_none,0.8481012582778931
247,PSNN_wSurrGPT_woFaults_energyy1_run2,woFaults,energyy1,test_acc_mode_single,0.8481012582778931
248,PSNN_wSurrGPT_woFaults_energyy1_run2,woFaults,energyy1,val_power,0.0036095562390983105
249,PSNN_wSurrGPT_wFaults_slope_run4,wFaults,slope,test_acc_mode_none,0.5
250,PSNN_wSurrGPT_wFaults_slope_run4,wFaults,slope,test_acc_mode_single,0.5
251,PSNN_wSurrGPT_wFaults_slope_run4,wFaults,slope,val_power,0.00026986165903508663
252,PSNN_wSurrGPT_wFaults_seeds_run4,wFaults,seeds,test_acc_mode_none,0.20930232107639313
253,PSNN_wSurrGPT_wFaults_seeds_run4,wFaults,seeds,test_acc_mode_single,0.20930232107639313
254,PSNN_wSurrGPT_wFaults_seeds_run4,wFaults,seeds,val_power,0.0015777392545714974
255,PSNN_wSurrGPT_woFaults_selfregulationscp2_run4,woFaults,selfregulationscp2,test_acc_mode_none,0.4736842215061188
256,PSNN_wSurrGPT_woFaults_selfregulationscp2_run4,woFaults,selfregulationscp2,test_acc_mode_single,0.5
257,PSNN_wSurrGPT_woFaults_selfregulationscp2_run4,woFaults,selfregulationscp2,val_power,0.006052544806152582
258,PSNN_wSurrGPT_wFaults_powercons_run5,wFaults,powercons,test_acc_mode_none,0.4861111044883728
259,PSNN_wSurrGPT_wFaults_powercons_run5,wFaults,powercons,test_acc_mode_single,0.4861111044883728
260,PSNN_wSurrGPT_wFaults_powercons_run5,wFaults,powercons,val_power,0.001261996920220554
261,PSNN_wSurrGPT_woFaults_gunpointoldversusyoung_run4,woFaults,gunpointoldversusyoung,test_acc_mode_none,1.0
262,PSNN_wSurrGPT_woFaults_gunpointoldversusyoung_run4,woFaults,gunpointoldversusyoung,test_acc_mode_single,1.0
263,PSNN_wSurrGPT_woFaults_gunpointoldversusyoung_run4,woFaults,gunpointoldversusyoung,val_power,0.0011012733448296783
264,PSNN_wSurrGPT_wFaults_selfregulationscp2_run4,wFaults,selfregulationscp2,test_acc_mode_none,0.5263158082962036
265,PSNN_wSurrGPT_wFaults_selfregulationscp2_run4,wFaults,selfregulationscp2,test_acc_mode_single,0.5263158082962036
266,PSNN_wSurrGPT_wFaults_selfregulationscp2_run4,wFaults,selfregulationscp2,val_power,0.000520659436006099
267,PSNN_wSurrGPT_woFaults_powercons_run5,woFaults,powercons,test_acc_mode_none,0.4861111044883728
268,PSNN_wSurrGPT_woFaults_powercons_run5,woFaults,powercons,test_acc_mode_single,0.5138888955116272
269,PSNN_wSurrGPT_woFaults_powercons_run5,woFaults,powercons,val_power,0.0002359986392548308
270,PSNN_wSurrGPT_wFaults_gunpointoldversusyoung_run4,wFaults,gunpointoldversusyoung,test_acc_mode_none,0.8461538553237915
271,PSNN_wSurrGPT_wFaults_gunpointoldversusyoung_run4,wFaults,gunpointoldversusyoung,test_acc_mode_single,0.8461538553237915
272,PSNN_wSurrGPT_wFaults_gunpointoldversusyoung_run4,wFaults,gunpointoldversusyoung,val_power,0.008743291720747948
273,PSNN_wSurrGPT_woFaults_seeds_run5,woFaults,seeds,test_acc_mode_none,0.25581395626068115
274,PSNN_wSurrGPT_woFaults_seeds_run5,woFaults,seeds,test_acc_mode_single,0.25581395626068115
275,PSNN_wSurrGPT_woFaults_seeds_run5,woFaults,seeds,val_power,0.005220965016633272
276,PSNN_wSurrGPT_woFaults_slope_run5,woFaults,slope,test_acc_mode_none,0.5
277,PSNN_wSurrGPT_woFaults_slope_run5,woFaults,slope,test_acc_mode_single,0.5
278,PSNN_wSurrGPT_woFaults_slope_run5,woFaults,slope,val_power,0.0012849514605477452
279,PSNN_wSurrGPT_wFaults_slope_run5,wFaults,slope,test_acc_mode_none,0.5
280,PSNN_wSurrGPT_wFaults_slope_run5,wFaults,slope,test_acc_mode_single,0.5
281,PSNN_wSurrGPT_wFaults_slope_run5,wFaults,slope,val_power,0.0004397080047056079
282,PSNN_wSurrGPT_wFaults_powercons_run6,wFaults,powercons,test_acc_mode_none,0.5416666865348816
283,PSNN_wSurrGPT_wFaults_powercons_run6,wFaults,powercons,test_acc_mode_single,0.5555555820465088
284,PSNN_wSurrGPT_wFaults_powercons_run6,wFaults,powercons,val_power,0.0035408304538577795
285,PSNN_wSurrGPT_wFaults_seeds_run5,wFaults,seeds,test_acc_mode_none,0.25581395626068115
286,PSNN_wSurrGPT_wFaults_seeds_run5,wFaults,seeds,test_acc_mode_single,0.25581395626068115
287,PSNN_wSurrGPT_wFaults_seeds_run5,wFaults,seeds,val_power,0.0014294341672211883
288,PSNN_wSurrGPT_woFaults_powercons_run6,woFaults,powercons,test_acc_mode_none,0.4861111044883728
289,PSNN_wSurrGPT_woFaults_powercons_run6,woFaults,powercons,test_acc_mode_single,0.4861111044883728
290,PSNN_wSurrGPT_woFaults_powercons_run6,woFaults,powercons,val_power,0.000825115421321243
291,PSNN_wSurrGPT_woFaults_selfregulationscp2_run5,woFaults,selfregulationscp2,test_acc_mode_none,0.5263158082962036
292,PSNN_wSurrGPT_woFaults_selfregulationscp2_run5,woFaults,selfregulationscp2,test_acc_mode_single,0.5
293,PSNN_wSurrGPT_woFaults_selfregulationscp2_run5,woFaults,selfregulationscp2,val_power,0.0005419707158580422
294,PSNN_wSurrGPT_woFaults_gunpointoldversusyoung_run5,woFaults,gunpointoldversusyoung,test_acc_mode_none,1.0
295,PSNN_wSurrGPT_woFaults_gunpointoldversusyoung_run5,woFaults,gunpointoldversusyoung,test_acc_mode_single,0.9670329689979552
296,PSNN_wSurrGPT_woFaults_gunpointoldversusyoung_run5,woFaults,gunpointoldversusyoung,val_power,0.0011579382698982954
297,PSNN_wSurrGPT_wFaults_selfregulationscp2_run5,wFaults,selfregulationscp2,test_acc_mode_none,0.5263158082962036
298,PSNN_wSurrGPT_wFaults_selfregulationscp2_run5,wFaults,selfregulationscp2,test_acc_mode_single,0.5263158082962036
299,PSNN_wSurrGPT_wFaults_selfregulationscp2_run5,wFaults,selfregulationscp2,val_power,0.0008995785028673708
300,PSNN_wSurrGPT_woFaults_seeds_run6,woFaults,seeds,test_acc_mode_none,0.25581395626068115
301,PSNN_wSurrGPT_woFaults_seeds_run6,woFaults,seeds,test_acc_mode_single,0.25581395626068115
302,PSNN_wSurrGPT_woFaults_seeds_run6,woFaults,seeds,val_power,0.000691962253767997
303,PSNN_wSurrGPT_wFaults_gunpointoldversusyoung_run5,wFaults,gunpointoldversusyoung,test_acc_mode_none,1.0
304,PSNN_wSurrGPT_wFaults_gunpointoldversusyoung_run5,wFaults,gunpointoldversusyoung,test_acc_mode_single,1.0
305,PSNN_wSurrGPT_wFaults_gunpointoldversusyoung_run5,wFaults,gunpointoldversusyoung,val_power,0.0005654725828208029
306,PSNN_wSurrGPT_woFaults_slope_run6,woFaults,slope,test_acc_mode_none,0.5
307,PSNN_wSurrGPT_woFaults_slope_run6,woFaults,slope,test_acc_mode_single,0.5
308,PSNN_wSurrGPT_woFaults_slope_run6,woFaults,slope,val_power,0.0010070838034152985
309,PSNN_wSurrGPT_woFaults_proximalphalanxoutlinecorrect_run1,woFaults,proximalphalanxoutlinecorrect,test_acc_mode_none,0.6600000262260437
310,PSNN_wSurrGPT_woFaults_proximalphalanxoutlinecorrect_run1,woFaults,proximalphalanxoutlinecorrect,test_acc_mode_single,0.6600000262260437
311,PSNN_wSurrGPT_woFaults_proximalphalanxoutlinecorrect_run1,woFaults,proximalphalanxoutlinecorrect,val_power,0.0012768906308338046
312,PSNN_wSurrGPT_wFaults_proximalphalanxoutlinecorrect_run1,wFaults,proximalphalanxoutlinecorrect,test_acc_mode_none,0.6600000262260437
313,PSNN_wSurrGPT_wFaults_proximalphalanxoutlinecorrect_run1,wFaults,proximalphalanxoutlinecorrect,test_acc_mode_single,0.6600000262260437
314,PSNN_wSurrGPT_wFaults_proximalphalanxoutlinecorrect_run1,wFaults,proximalphalanxoutlinecorrect,val_power,0.0015214243903756142
315,PSNN_wSurrGPT_woFaults_energyy1_run1,woFaults,energyy1,test_acc_mode_none,0.8481012582778931
316,PSNN_wSurrGPT_woFaults_energyy1_run1,woFaults,energyy1,test_acc_mode_single,0.8481012582778931
317,PSNN_wSurrGPT_woFaults_energyy1_run1,woFaults,energyy1,val_power,0.0036095562390983105
318,PSNN_wSurrGPT_wFaults_energyy1_run1,wFaults,energyy1,test_acc_mode_none,0.8481012582778931
319,PSNN_wSurrGPT_wFaults_energyy1_run1,wFaults,energyy1,test_acc_mode_single,0.8481012582778931
320,PSNN_wSurrGPT_wFaults_energyy1_run1,wFaults,energyy1,val_power,0.0010682131396606565
321,PSNN_wSurrGPT_wFaults_freezersmalltrain_run1,wFaults,freezersmalltrain,test_acc_mode_none,0.4600000083446502
322,PSNN_wSurrGPT_wFaults_freezersmalltrain_run1,wFaults,freezersmalltrain,test_acc_mode_single,0.4600000083446502
323,PSNN_wSurrGPT_wFaults_freezersmalltrain_run1,wFaults,freezersmalltrain,val_power,0.0017265203641727569
324,PSNN_wSurrGPT_wFaults_vertebralcolumn2clases_run1,wFaults,vertebralcolumn2clases,test_acc_mode_none,0.6349206566810608
325,PSNN_wSurrGPT_wFaults_vertebralcolumn2clases_run1,wFaults,vertebralcolumn2clases,test_acc_mode_single,0.6349206566810608
326,PSNN_wSurrGPT_wFaults_vertebralcolumn2clases_run1,wFaults,vertebralcolumn2clases,val_power,0.0009420316200703382
327,PSNN_wSurrGPT_woFaults_tictactoe_run1,woFaults,tictactoe,test_acc_mode_none,0.8227847814559937
328,PSNN_wSurrGPT_woFaults_tictactoe_run1,woFaults,tictactoe,test_acc_mode_single,0.7848101258277893
329,PSNN_wSurrGPT_woFaults_tictactoe_run1,woFaults,tictactoe,val_power,0.002226276556029916
330,PSNN_wSurrGPT_woFaults_vertebralcolumn2clases_run1,woFaults,vertebralcolumn2clases,test_acc_mode_none,0.6349206566810608
331,PSNN_wSurrGPT_woFaults_vertebralcolumn2clases_run1,woFaults,vertebralcolumn2clases,test_acc_mode_single,0.6349206566810608
332,PSNN_wSurrGPT_woFaults_vertebralcolumn2clases_run1,woFaults,vertebralcolumn2clases,val_power,0.0010412615956738591
333,PSNN_wSurrGPT_woFaults_freezersmalltrain_run1,woFaults,freezersmalltrain,test_acc_mode_none,0.4600000083446502
334,PSNN_wSurrGPT_woFaults_freezersmalltrain_run1,woFaults,freezersmalltrain,test_acc_mode_single,0.5199999809265137
335,PSNN_wSurrGPT_woFaults_freezersmalltrain_run1,woFaults,freezersmalltrain,val_power,0.0013685411540791392
336,PSNN_wSurrGPT_wFaults_tictactoe_run1,wFaults,tictactoe,test_acc_mode_none,0.746835470199585
337,PSNN_wSurrGPT_wFaults_tictactoe_run1,wFaults,tictactoe,test_acc_mode_single,0.746835470199585
338,PSNN_wSurrGPT_wFaults_tictactoe_run1,wFaults,tictactoe,val_power,0.0013802346074953675
339,PSNN_wSurrGPT_woFaults_gunpointmaleversusfemale_run1,woFaults,gunpointmaleversusfemale,test_acc_mode_none,0.7802197933197021
340,PSNN_wSurrGPT_woFaults_gunpointmaleversusfemale_run1,woFaults,gunpointmaleversusfemale,test_acc_mode_single,0.6593406796455383
341,PSNN_wSurrGPT_woFaults_gunpointmaleversusfemale_run1,woFaults,gunpointmaleversusfemale,val_power,0.005640149582177401
342,PSNN_wSurrGPT_wFaults_gunpointmaleversusfemale_run1,wFaults,gunpointmaleversusfemale,test_acc_mode_none,0.7692307829856873
343,PSNN_wSurrGPT_wFaults_gunpointmaleversusfemale_run1,wFaults,gunpointmaleversusfemale,test_acc_mode_single,0.7142857313156128
344,PSNN_wSurrGPT_wFaults_gunpointmaleversusfemale_run1,wFaults,gunpointmaleversusfemale,val_power,0.003016049973666668
345,PSNN_wSurrGPT_woFaults_energyy2_run1,woFaults,energyy2,test_acc_mode_none,0.5189873576164246
346,PSNN_wSurrGPT_woFaults_energyy2_run1,woFaults,energyy2,test_acc_mode_single,0.5189873576164246
347,PSNN_wSurrGPT_woFaults_energyy2_run1,woFaults,energyy2,val_power,0.005175161641091108
348,PSNN_wSurrGPT_wFaults_energyy2_run1,wFaults,energyy2,test_acc_mode_none,0.7215189933776855
349,PSNN_wSurrGPT_wFaults_energyy2_run1,wFaults,energyy2,test_acc_mode_single,0.7215189933776855
350,PSNN_wSurrGPT_wFaults_energyy2_run1,wFaults,energyy2,val_power,0.0031946757808327675
351,PSNN_wSurrGPT_wFaults_iris_run1,wFaults,iris,test_acc_mode_none,0.32258063554763794
352,PSNN_wSurrGPT_wFaults_iris_run1,wFaults,iris,test_acc_mode_single,0.32258063554763794
353,PSNN_wSurrGPT_wFaults_iris_run1,wFaults,iris,val_power,0.0008772516157478094
354,PSNN_wSurrGPT_woFaults_iris_run1,woFaults,iris,test_acc_mode_none,0.32258063554763794
355,PSNN_wSurrGPT_woFaults_iris_run1,woFaults,iris,test_acc_mode_single,0.32258063554763794
356,PSNN_wSurrGPT_woFaults_iris_run1,woFaults,iris,val_power,0.0021852049976587296
357,PSNN_wSurrGPT_woFaults_iris_run2,woFaults,iris,test_acc_mode_none,0.32258063554763794
358,PSNN_wSurrGPT_woFaults_iris_run2,woFaults,iris,test_acc_mode_single,0.35483869910240173
359,PSNN_wSurrGPT_woFaults_iris_run2,woFaults,iris,val_power,0.153069406747818
360,PSNN_wSurrGPT_wFaults_iris_run2,wFaults,iris,test_acc_mode_none,0.32258063554763794
361,PSNN_wSurrGPT_wFaults_iris_run2,wFaults,iris,test_acc_mode_single,0.32258063554763794
362,PSNN_wSurrGPT_wFaults_iris_run2,wFaults,iris,val_power,0.0009393332875333726
363,PSNN_wSurrGPT_wFaults_proximalphalanxoutlinecorrect_run2,wFaults,proximalphalanxoutlinecorrect,test_acc_mode_none,0.6600000262260437
364,PSNN_wSurrGPT_wFaults_proximalphalanxoutlinecorrect_run2,wFaults,proximalphalanxoutlinecorrect,test_acc_mode_single,0.6600000262260437
365,PSNN_wSurrGPT_wFaults_proximalphalanxoutlinecorrect_run2,wFaults,proximalphalanxoutlinecorrect,val_power,0.0007786500500515103
366,PSNN_wSurrGPT_woFaults_gunpointmaleversusfemale_run2,woFaults,gunpointmaleversusfemale,test_acc_mode_none,0.6263736486434937
367,PSNN_wSurrGPT_woFaults_gunpointmaleversusfemale_run2,woFaults,gunpointmaleversusfemale,test_acc_mode_single,0.6593406796455383
368,PSNN_wSurrGPT_woFaults_gunpointmaleversusfemale_run2,woFaults,gunpointmaleversusfemale,val_power,0.0017668012296780944
369,PSNN_wSurrGPT_wFaults_freezersmalltrain_run2,wFaults,freezersmalltrain,test_acc_mode_none,0.4600000083446502
370,PSNN_wSurrGPT_wFaults_freezersmalltrain_run2,wFaults,freezersmalltrain,test_acc_mode_single,0.5199999809265137
371,PSNN_wSurrGPT_wFaults_freezersmalltrain_run2,wFaults,freezersmalltrain,val_power,0.0007985337288118899
372,PSNN_wSurrGPT_woFaults_freezersmalltrain_run2,woFaults,freezersmalltrain,test_acc_mode_none,0.4600000083446502
373,PSNN_wSurrGPT_woFaults_freezersmalltrain_run2,woFaults,freezersmalltrain,test_acc_mode_single,0.4600000083446502
374,PSNN_wSurrGPT_woFaults_freezersmalltrain_run2,woFaults,freezersmalltrain,val_power,0.0005784962559118867
375,PSNN_wSurrGPT_wFaults_gunpointmaleversusfemale_run2,wFaults,gunpointmaleversusfemale,test_acc_mode_none,0.6483516693115234
376,PSNN_wSurrGPT_wFaults_gunpointmaleversusfemale_run2,wFaults,gunpointmaleversusfemale,test_acc_mode_single,0.5384615659713745
377,PSNN_wSurrGPT_wFaults_gunpointmaleversusfemale_run2,wFaults,gunpointmaleversusfemale,val_power,0.0026318456511944532
378,PSNN_wSurrGPT_woFaults_proximalphalanxoutlinecorrect_run2,woFaults,proximalphalanxoutlinecorrect,test_acc_mode_none,0.6600000262260437
379,PSNN_wSurrGPT_woFaults_proximalphalanxoutlinecorrect_run2,woFaults,proximalphalanxoutlinecorrect,test_acc_mode_single,0.6600000262260437
380,PSNN_wSurrGPT_woFaults_proximalphalanxoutlinecorrect_run2,woFaults,proximalphalanxoutlinecorrect,val_power,0.0028251572512090206
381,PSNN_wSurrGPT_wFaults_vertebralcolumn2clases_run2,wFaults,vertebralcolumn2clases,test_acc_mode_none,0.6349206566810608
382,PSNN_wSurrGPT_wFaults_vertebralcolumn2clases_run2,wFaults,vertebralcolumn2clases,test_acc_mode_single,0.6349206566810608
383,PSNN_wSurrGPT_wFaults_vertebralcolumn2clases_run2,wFaults,vertebralcolumn2clases,val_power,0.0012715081684291365
384,PSNN_wSurrGPT_woFaults_vertebralcolumn2clases_run2,woFaults,vertebralcolumn2clases,test_acc_mode_none,0.6349206566810608
385,PSNN_wSurrGPT_woFaults_vertebralcolumn2clases_run2,woFaults,vertebralcolumn2clases,test_acc_mode_single,0.6349206566810608
386,PSNN_wSurrGPT_woFaults_vertebralcolumn2clases_run2,woFaults,vertebralcolumn2clases,val_power,0.00219499203376472
387,PSNN_wSurrGPT_woFaults_iris_run3,woFaults,iris,test_acc_mode_none,0.35483869910240173
388,PSNN_wSurrGPT_woFaults_iris_run3,woFaults,iris,test_acc_mode_single,0.32258063554763794
389,PSNN_wSurrGPT_woFaults_iris_run3,woFaults,iris,val_power,0.0014176354743540287
390,PSNN_wSurrGPT_wFaults_iris_run3,wFaults,iris,test_acc_mode_none,0.32258063554763794
391,PSNN_wSurrGPT_wFaults_iris_run3,wFaults,iris,test_acc_mode_single,0.32258063554763794
392,PSNN_wSurrGPT_wFaults_iris_run3,wFaults,iris,val_power,0.0016124204266816378
393,PSNN_wSurrGPT_wFaults_proximalphalanxoutlinecorrect_run3,wFaults,proximalphalanxoutlinecorrect,test_acc_mode_none,0.6600000262260437
394,PSNN_wSurrGPT_wFaults_proximalphalanxoutlinecorrect_run3,wFaults,proximalphalanxoutlinecorrect,test_acc_mode_single,0.6600000262260437
395,PSNN_wSurrGPT_wFaults_proximalphalanxoutlinecorrect_run3,wFaults,proximalphalanxoutlinecorrect,val_power,0.00023886699636932465
396,PSNN_wSurrGPT_woFaults_gunpointmaleversusfemale_run3,woFaults,gunpointmaleversusfemale,test_acc_mode_none,0.6813187003135681
397,PSNN_wSurrGPT_woFaults_gunpointmaleversusfemale_run3,woFaults,gunpointmaleversusfemale,test_acc_mode_single,0.7472527623176575
398,PSNN_wSurrGPT_woFaults_gunpointmaleversusfemale_run3,woFaults,gunpointmaleversusfemale,val_power,0.050232283771038055
399,PSNN_wSurrGPT_wFaults_gunpointmaleversusfemale_run3,wFaults,gunpointmaleversusfemale,test_acc_mode_none,0.6263736486434937
400,PSNN_wSurrGPT_wFaults_gunpointmaleversusfemale_run3,wFaults,gunpointmaleversusfemale,test_acc_mode_single,0.6263736486434937
401,PSNN_wSurrGPT_wFaults_gunpointmaleversusfemale_run3,wFaults,gunpointmaleversusfemale,val_power,0.004350551404058933
402,PSNN_wSurrGPT_wFaults_freezersmalltrain_run3,wFaults,freezersmalltrain,test_acc_mode_none,0.5400000214576721
403,PSNN_wSurrGPT_wFaults_freezersmalltrain_run3,wFaults,freezersmalltrain,test_acc_mode_single,0.47999998927116394
404,PSNN_wSurrGPT_wFaults_freezersmalltrain_run3,wFaults,freezersmalltrain,val_power,0.004113593604415655
405,PSNN_wSurrGPT_woFaults_freezersmalltrain_run3,woFaults,freezersmalltrain,test_acc_mode_none,0.5400000214576721
406,PSNN_wSurrGPT_woFaults_freezersmalltrain_run3,woFaults,freezersmalltrain,test_acc_mode_single,0.47999998927116394
407,PSNN_wSurrGPT_woFaults_freezersmalltrain_run3,woFaults,freezersmalltrain,val_power,0.005650313105434179
408,PSNN_wSurrGPT_woFaults_proximalphalanxoutlinecorrect_run3,woFaults,proximalphalanxoutlinecorrect,test_acc_mode_none,0.6600000262260437
409,PSNN_wSurrGPT_woFaults_proximalphalanxoutlinecorrect_run3,woFaults,proximalphalanxoutlinecorrect,test_acc_mode_single,0.6600000262260437
410,PSNN_wSurrGPT_woFaults_proximalphalanxoutlinecorrect_run3,woFaults,proximalphalanxoutlinecorrect,val_power,0.0006011544028297067
411,PSNN_wSurrGPT_wFaults_vertebralcolumn2clases_run3,wFaults,vertebralcolumn2clases,test_acc_mode_none,0.6349206566810608
412,PSNN_wSurrGPT_wFaults_vertebralcolumn2clases_run3,wFaults,vertebralcolumn2clases,test_acc_mode_single,0.6349206566810608
413,PSNN_wSurrGPT_wFaults_vertebralcolumn2clases_run3,wFaults,vertebralcolumn2clases,val_power,0.001678006025031209
414,PSNN_wSurrGPT_woFaults_vertebralcolumn2clases_run3,woFaults,vertebralcolumn2clases,test_acc_mode_none,0.6349206566810608
415,PSNN_wSurrGPT_woFaults_vertebralcolumn2clases_run3,woFaults,vertebralcolumn2clases,test_acc_mode_single,0.6349206566810608
416,PSNN_wSurrGPT_woFaults_vertebralcolumn2clases_run3,woFaults,vertebralcolumn2clases,val_power,0.0022806753404438496
417,PSNN_wSurrGPT_woFaults_iris_run4,woFaults,iris,test_acc_mode_none,0.32258063554763794
418,PSNN_wSurrGPT_woFaults_iris_run4,woFaults,iris,test_acc_mode_single,0.35483869910240173
419,PSNN_wSurrGPT_woFaults_iris_run4,woFaults,iris,val_power,0.0018384798895567656
420,PSNN_wSurrGPT_wFaults_iris_run4,wFaults,iris,test_acc_mode_none,0.35483869910240173
421,PSNN_wSurrGPT_wFaults_iris_run4,wFaults,iris,test_acc_mode_single,0.35483869910240173
422,PSNN_wSurrGPT_wFaults_iris_run4,wFaults,iris,val_power,0.0003778252576012165
423,PSNN_wSurrGPT_woFaults_tictactoe_run2,woFaults,tictactoe,test_acc_mode_none,0.7341772317886353
424,PSNN_wSurrGPT_woFaults_tictactoe_run2,woFaults,tictactoe,test_acc_mode_single,0.7341772317886353
425,PSNN_wSurrGPT_woFaults_tictactoe_run2,woFaults,tictactoe,val_power,0.0039808847941458225
426,PSNN_wSurrGPT_wFaults_tictactoe_run2,wFaults,tictactoe,test_acc_mode_none,0.6708860993385315
427,PSNN_wSurrGPT_wFaults_tictactoe_run2,wFaults,tictactoe,test_acc_mode_single,0.6708860993385315
428,PSNN_wSurrGPT_wFaults_tictactoe_run2,wFaults,tictactoe,val_power,0.006138787139207125
429,PSNN_wSurrGPT_wFaults_proximalphalanxoutlinecorrect_run4,wFaults,proximalphalanxoutlinecorrect,test_acc_mode_none,0.6600000262260437
430,PSNN_wSurrGPT_wFaults_proximalphalanxoutlinecorrect_run4,wFaults,proximalphalanxoutlinecorrect,test_acc_mode_single,0.6600000262260437
431,PSNN_wSurrGPT_wFaults_proximalphalanxoutlinecorrect_run4,wFaults,proximalphalanxoutlinecorrect,val_power,0.03436961770057678
432,PSNN_wSurrGPT_woFaults_energyy2_run2,woFaults,energyy2,test_acc_mode_none,0.5189873576164246
433,PSNN_wSurrGPT_woFaults_energyy2_run2,woFaults,energyy2,test_acc_mode_single,0.7594936490058899
434,PSNN_wSurrGPT_woFaults_energyy2_run2,woFaults,energyy2,val_power,0.0011458629742264748
435,PSNN_wSurrGPT_woFaults_gunpointmaleversusfemale_run4,woFaults,gunpointmaleversusfemale,test_acc_mode_none,0.6813187003135681
436,PSNN_wSurrGPT_woFaults_gunpointmaleversusfemale_run4,woFaults,gunpointmaleversusfemale,test_acc_mode_single,0.6373626589775085
437,PSNN_wSurrGPT_woFaults_gunpointmaleversusfemale_run4,woFaults,gunpointmaleversusfemale,val_power,0.0025003005284816027
438,PSNN_wSurrGPT_wFaults_freezersmalltrain_run4,wFaults,freezersmalltrain,test_acc_mode_none,0.4600000083446502
439,PSNN_wSurrGPT_wFaults_freezersmalltrain_run4,wFaults,freezersmalltrain,test_acc_mode_single,0.4600000083446502
440,PSNN_wSurrGPT_wFaults_freezersmalltrain_run4,wFaults,freezersmalltrain,val_power,0.001700695720501244
441,PSNN_wSurrGPT_wFaults_gunpointmaleversusfemale_run4,wFaults,gunpointmaleversusfemale,test_acc_mode_none,0.6373626589775085
442,PSNN_wSurrGPT_wFaults_gunpointmaleversusfemale_run4,wFaults,gunpointmaleversusfemale,test_acc_mode_single,0.6153846383094788
443,PSNN_wSurrGPT_wFaults_gunpointmaleversusfemale_run4,wFaults,gunpointmaleversusfemale,val_power,0.0044331736862659454
444,PSNN_wSurrGPT_woFaults_freezersmalltrain_run4,woFaults,freezersmalltrain,test_acc_mode_none,0.4600000083446502
445,PSNN_wSurrGPT_woFaults_freezersmalltrain_run4,woFaults,freezersmalltrain,test_acc_mode_single,0.4600000083446502
446,PSNN_wSurrGPT_woFaults_freezersmalltrain_run4,woFaults,freezersmalltrain,val_power,0.0003064494230784476
447,PSNN_wSurrGPT_woFaults_proximalphalanxoutlinecorrect_run4,woFaults,proximalphalanxoutlinecorrect,test_acc_mode_none,0.6600000262260437
448,PSNN_wSurrGPT_woFaults_proximalphalanxoutlinecorrect_run4,woFaults,proximalphalanxoutlinecorrect,test_acc_mode_single,0.6600000262260437
449,PSNN_wSurrGPT_woFaults_proximalphalanxoutlinecorrect_run4,woFaults,proximalphalanxoutlinecorrect,val_power,0.0007684134179726243
450,PSNN_wSurrGPT_wFaults_energyy1_run2,wFaults,energyy1,test_acc_mode_none,0.8481012582778931
451,PSNN_wSurrGPT_wFaults_energyy1_run2,wFaults,energyy1,test_acc_mode_single,0.8481012582778931
452,PSNN_wSurrGPT_wFaults_energyy1_run2,wFaults,energyy1,val_power,0.0031468600500375032
453,PSNN_wSurrGPT_woFaults_energyy1_run2,woFaults,energyy1,test_acc_mode_none,0.8481012582778931
454,PSNN_wSurrGPT_woFaults_energyy1_run2,woFaults,energyy1,test_acc_mode_single,0.8481012582778931
455,PSNN_wSurrGPT_woFaults_energyy1_run2,woFaults,energyy1,val_power,0.0035542999394237995
456,PSNN_wSurrGPT_woFaults_iris_run5,woFaults,iris,test_acc_mode_none,0.32258063554763794
457,PSNN_wSurrGPT_woFaults_iris_run5,woFaults,iris,test_acc_mode_single,0.32258063554763794
458,PSNN_wSurrGPT_woFaults_iris_run5,woFaults,iris,val_power,0.002791274106130004
459,PSNN_wSurrGPT_wFaults_energyy2_run2,wFaults,energyy2,test_acc_mode_none,0.5189873576164246
460,PSNN_wSurrGPT_wFaults_energyy2_run2,wFaults,energyy2,test_acc_mode_single,0.5189873576164246
461,PSNN_wSurrGPT_wFaults_energyy2_run2,wFaults,energyy2,val_power,0.0019271993078291416
462,PSNN_wSurrGPT_wFaults_iris_run5,wFaults,iris,test_acc_mode_none,0.32258063554763794
463,PSNN_wSurrGPT_wFaults_iris_run5,wFaults,iris,test_acc_mode_single,0.32258063554763794
464,PSNN_wSurrGPT_wFaults_iris_run5,wFaults,iris,val_power,0.0009223889210261405
465,PSNN_wSurrGPT_wFaults_vertebralcolumn2clases_run4,wFaults,vertebralcolumn2clases,test_acc_mode_none,0.6349206566810608
466,PSNN_wSurrGPT_wFaults_vertebralcolumn2clases_run4,wFaults,vertebralcolumn2clases,test_acc_mode_single,0.6349206566810608
467,PSNN_wSurrGPT_wFaults_vertebralcolumn2clases_run4,wFaults,vertebralcolumn2clases,val_power,0.000597624690271914
468,PSNN_wSurrGPT_woFaults_vertebralcolumn2clases_run4,woFaults,vertebralcolumn2clases,test_acc_mode_none,0.6349206566810608
469,PSNN_wSurrGPT_woFaults_vertebralcolumn2clases_run4,woFaults,vertebralcolumn2clases,test_acc_mode_single,0.6349206566810608
470,PSNN_wSurrGPT_woFaults_vertebralcolumn2clases_run4,woFaults,vertebralcolumn2clases,val_power,0.004962026607245207
471,PSNN_wSurrGPT_wFaults_proximalphalanxoutlinecorrect_run5,wFaults,proximalphalanxoutlinecorrect,test_acc_mode_none,0.6600000262260437
472,PSNN_wSurrGPT_wFaults_proximalphalanxoutlinecorrect_run5,wFaults,proximalphalanxoutlinecorrect,test_acc_mode_single,0.6600000262260437
473,PSNN_wSurrGPT_wFaults_proximalphalanxoutlinecorrect_run5,wFaults,proximalphalanxoutlinecorrect,val_power,0.000310749834170565
474,PSNN_wSurrGPT_woFaults_iris_run6,woFaults,iris,test_acc_mode_none,0.32258063554763794
475,PSNN_wSurrGPT_woFaults_iris_run6,woFaults,iris,test_acc_mode_single,0.32258063554763794
476,PSNN_wSurrGPT_woFaults_iris_run6,woFaults,iris,val_power,0.0007187991286627948
477,PSNN_wSurrGPT_wFaults_freezersmalltrain_run5,wFaults,freezersmalltrain,test_acc_mode_none,0.5400000214576721
478,PSNN_wSurrGPT_wFaults_freezersmalltrain_run5,wFaults,freezersmalltrain,test_acc_mode_single,0.5199999809265137
479,PSNN_wSurrGPT_wFaults_freezersmalltrain_run5,wFaults,freezersmalltrain,val_power,0.004269156139343977
480,PSNN_wSurrGPT_wFaults_iris_run6,wFaults,iris,test_acc_mode_none,0.32258063554763794
481,PSNN_wSurrGPT_wFaults_iris_run6,wFaults,iris,test_acc_mode_single,0.32258063554763794
482,PSNN_wSurrGPT_wFaults_iris_run6,wFaults,iris,val_power,0.00045465101720765233
483,PSNN_wSurrGPT_woFaults_gunpointmaleversusfemale_run5,woFaults,gunpointmaleversusfemale,test_acc_mode_none,0.6703296899795532
484,PSNN_wSurrGPT_woFaults_gunpointmaleversusfemale_run5,woFaults,gunpointmaleversusfemale,test_acc_mode_single,0.6483516693115234
485,PSNN_wSurrGPT_woFaults_gunpointmaleversusfemale_run5,woFaults,gunpointmaleversusfemale,val_power,0.406688004732132
486,PSNN_wSurrGPT_wFaults_gunpointmaleversusfemale_run5,wFaults,gunpointmaleversusfemale,test_acc_mode_none,0.6373626589775085
487,PSNN_wSurrGPT_wFaults_gunpointmaleversusfemale_run5,wFaults,gunpointmaleversusfemale,test_acc_mode_single,0.7252747416496277
488,PSNN_wSurrGPT_wFaults_gunpointmaleversusfemale_run5,wFaults,gunpointmaleversusfemale,val_power,0.004642457235604525
489,PSNN_wSurrGPT_woFaults_proximalphalanxoutlinecorrect_run5,woFaults,proximalphalanxoutlinecorrect,test_acc_mode_none,0.6600000262260437
490,PSNN_wSurrGPT_woFaults_proximalphalanxoutlinecorrect_run5,woFaults,proximalphalanxoutlinecorrect,test_acc_mode_single,0.6600000262260437
491,PSNN_wSurrGPT_woFaults_proximalphalanxoutlinecorrect_run5,woFaults,proximalphalanxoutlinecorrect,val_power,0.0012712388997897506
492,PSNN_wSurrGPT_woFaults_freezersmalltrain_run5,woFaults,freezersmalltrain,test_acc_mode_none,0.5400000214576721
493,PSNN_wSurrGPT_woFaults_freezersmalltrain_run5,woFaults,freezersmalltrain,test_acc_mode_single,0.5400000214576721
494,PSNN_wSurrGPT_woFaults_freezersmalltrain_run5,woFaults,freezersmalltrain,val_power,0.0005375780165195465
495,PSNN_wSurrGPT_wFaults_vertebralcolumn2clases_run5,wFaults,vertebralcolumn2clases,test_acc_mode_none,0.6349206566810608
496,PSNN_wSurrGPT_wFaults_vertebralcolumn2clases_run5,wFaults,vertebralcolumn2clases,test_acc_mode_single,0.6349206566810608
497,PSNN_wSurrGPT_wFaults_vertebralcolumn2clases_run5,wFaults,vertebralcolumn2clases,val_power,0.0007013017311692238
498,PSNN_wSurrGPT_woFaults_vertebralcolumn2clases_run5,woFaults,vertebralcolumn2clases,test_acc_mode_none,0.6349206566810608
499,PSNN_wSurrGPT_woFaults_vertebralcolumn2clases_run5,woFaults,vertebralcolumn2clases,test_acc_mode_single,0.6349206566810608
500,PSNN_wSurrGPT_woFaults_vertebralcolumn2clases_run5,woFaults,vertebralcolumn2clases,val_power,0.0662299171090126
501,PSNN_wSurrGPT_wFaults_proximalphalanxoutlinecorrect_run6,wFaults,proximalphalanxoutlinecorrect,test_acc_mode_none,0.6600000262260437
502,PSNN_wSurrGPT_wFaults_proximalphalanxoutlinecorrect_run6,wFaults,proximalphalanxoutlinecorrect,test_acc_mode_single,0.6600000262260437
503,PSNN_wSurrGPT_wFaults_proximalphalanxoutlinecorrect_run6,wFaults,proximalphalanxoutlinecorrect,val_power,0.0005721827037632465
504,PSNN_wSurrGPT_wFaults_freezersmalltrain_run6,wFaults,freezersmalltrain,test_acc_mode_none,0.4600000083446502
505,PSNN_wSurrGPT_wFaults_freezersmalltrain_run6,wFaults,freezersmalltrain,test_acc_mode_single,0.4600000083446502
506,PSNN_wSurrGPT_wFaults_freezersmalltrain_run6,wFaults,freezersmalltrain,val_power,0.005784122738987207
507,PSNN_wSurrGPT_woFaults_gunpointmaleversusfemale_run6,woFaults,gunpointmaleversusfemale,test_acc_mode_none,0.6813187003135681
508,PSNN_wSurrGPT_woFaults_gunpointmaleversusfemale_run6,woFaults,gunpointmaleversusfemale,test_acc_mode_single,0.692307710647583
509,PSNN_wSurrGPT_woFaults_gunpointmaleversusfemale_run6,woFaults,gunpointmaleversusfemale,val_power,0.002304115565493703
510,PSNN_wSurrGPT_wFaults_gunpointmaleversusfemale_run6,wFaults,gunpointmaleversusfemale,test_acc_mode_none,0.6593406796455383
511,PSNN_wSurrGPT_wFaults_gunpointmaleversusfemale_run6,wFaults,gunpointmaleversusfemale,test_acc_mode_single,0.6593406796455383
512,PSNN_wSurrGPT_wFaults_gunpointmaleversusfemale_run6,wFaults,gunpointmaleversusfemale,val_power,0.005593453533947468
513,PSNN_wSurrGPT_woFaults_proximalphalanxoutlinecorrect_run6,woFaults,proximalphalanxoutlinecorrect,test_acc_mode_none,0.6600000262260437
514,PSNN_wSurrGPT_woFaults_proximalphalanxoutlinecorrect_run6,woFaults,proximalphalanxoutlinecorrect,test_acc_mode_single,0.6600000262260437
515,PSNN_wSurrGPT_woFaults_proximalphalanxoutlinecorrect_run6,woFaults,proximalphalanxoutlinecorrect,val_power,0.003024771809577942
516,PSNN_wSurrGPT_woFaults_freezersmalltrain_run6,woFaults,freezersmalltrain,test_acc_mode_none,0.4600000083446502
517,PSNN_wSurrGPT_woFaults_freezersmalltrain_run6,woFaults,freezersmalltrain,test_acc_mode_single,0.4600000083446502
518,PSNN_wSurrGPT_woFaults_freezersmalltrain_run6,woFaults,freezersmalltrain,val_power,0.0014093193458393216
519,PSNN_wSurrGPT_wFaults_vertebralcolumn2clases_run6,wFaults,vertebralcolumn2clases,test_acc_mode_none,0.6349206566810608
520,PSNN_wSurrGPT_wFaults_vertebralcolumn2clases_run6,wFaults,vertebralcolumn2clases,test_acc_mode_single,0.6349206566810608
521,PSNN_wSurrGPT_wFaults_vertebralcolumn2clases_run6,wFaults,vertebralcolumn2clases,val_power,0.0007525777327828109
522,PSNN_wSurrGPT_woFaults_tictactoe_run3,woFaults,tictactoe,test_acc_mode_none,0.6835442781448364
523,PSNN_wSurrGPT_woFaults_tictactoe_run3,woFaults,tictactoe,test_acc_mode_single,0.6582278609275818
524,PSNN_wSurrGPT_woFaults_tictactoe_run3,woFaults,tictactoe,val_power,0.0025791034568101168
525,PSNN_wSurrGPT_wFaults_tictactoe_run3,wFaults,tictactoe,test_acc_mode_none,0.6962025165557861
526,PSNN_wSurrGPT_wFaults_tictactoe_run3,wFaults,tictactoe,test_acc_mode_single,0.6962025165557861
527,PSNN_wSurrGPT_wFaults_tictactoe_run3,wFaults,tictactoe,val_power,0.4195820987224579
528,PSNN_wSurrGPT_woFaults_energyy2_run3,woFaults,energyy2,test_acc_mode_none,0.797468364238739
529,PSNN_wSurrGPT_woFaults_energyy2_run3,woFaults,energyy2,test_acc_mode_single,0.797468364238739
530,PSNN_wSurrGPT_woFaults_energyy2_run3,woFaults,energyy2,val_power,0.003087226767092943
531,PSNN_wSurrGPT_woFaults_vertebralcolumn2clases_run6,woFaults,vertebralcolumn2clases,test_acc_mode_none,0.6349206566810608
532,PSNN_wSurrGPT_woFaults_vertebralcolumn2clases_run6,woFaults,vertebralcolumn2clases,test_acc_mode_single,0.6349206566810608
533,PSNN_wSurrGPT_woFaults_vertebralcolumn2clases_run6,woFaults,vertebralcolumn2clases,val_power,0.001547877909615636
534,PSNN_wSurrGPT_wFaults_energyy1_run3,wFaults,energyy1,test_acc_mode_none,0.8481012582778931
535,PSNN_wSurrGPT_wFaults_energyy1_run3,wFaults,energyy1,test_acc_mode_single,0.8481012582778931
536,PSNN_wSurrGPT_wFaults_energyy1_run3,wFaults,energyy1,val_power,0.003935187589377165
537,PSNN_wSurrGPT_woFaults_energyy1_run3,woFaults,energyy1,test_acc_mode_none,0.4177215099334717
538,PSNN_wSurrGPT_woFaults_energyy1_run3,woFaults,energyy1,test_acc_mode_single,0.4177215099334717
539,PSNN_wSurrGPT_woFaults_energyy1_run3,woFaults,energyy1,val_power,0.008359123952686787
540,PSNN_wSurrGPT_wFaults_energyy2_run3,wFaults,energyy2,test_acc_mode_none,0.797468364238739
541,PSNN_wSurrGPT_wFaults_energyy2_run3,wFaults,energyy2,test_acc_mode_single,0.797468364238739
542,PSNN_wSurrGPT_wFaults_energyy2_run3,wFaults,energyy2,val_power,0.0018777174409478905
543,PSNN_wSurrGPT_woFaults_tictactoe_run4,woFaults,tictactoe,test_acc_mode_none,0.6708860993385315
544,PSNN_wSurrGPT_woFaults_tictactoe_run4,woFaults,tictactoe,test_acc_mode_single,0.6708860993385315
545,PSNN_wSurrGPT_woFaults_tictactoe_run4,woFaults,tictactoe,val_power,0.010173867456614971
546,PSNN_wSurrGPT_wFaults_tictactoe_run4,wFaults,tictactoe,test_acc_mode_none,0.6708860993385315
547,PSNN_wSurrGPT_wFaults_tictactoe_run4,wFaults,tictactoe,test_acc_mode_single,0.6708860993385315
548,PSNN_wSurrGPT_wFaults_tictactoe_run4,wFaults,tictactoe,val_power,0.0011761084897443652
549,PSNN_wSurrGPT_woFaults_energyy2_run4,woFaults,energyy2,test_acc_mode_none,0.8607594966888428
550,PSNN_wSurrGPT_woFaults_energyy2_run4,woFaults,energyy2,test_acc_mode_single,0.8101266026496887
551,PSNN_wSurrGPT_woFaults_energyy2_run4,woFaults,energyy2,val_power,0.007798658683896065
552,PSNN_wSurrGPT_wFaults_energyy1_run4,wFaults,energyy1,test_acc_mode_none,0.4303797483444214
553,PSNN_wSurrGPT_wFaults_energyy1_run4,wFaults,energyy1,test_acc_mode_single,0.4303797483444214
554,PSNN_wSurrGPT_wFaults_energyy1_run4,wFaults,energyy1,val_power,0.003644126700237394
555,PSNN_wSurrGPT_woFaults_energyy1_run4,woFaults,energyy1,test_acc_mode_none,0.8481012582778931
556,PSNN_wSurrGPT_woFaults_energyy1_run4,woFaults,energyy1,test_acc_mode_single,0.8481012582778931
557,PSNN_wSurrGPT_woFaults_energyy1_run4,woFaults,energyy1,val_power,0.001364929717965424
558,PSNN_wSurrGPT_wFaults_energyy2_run4,wFaults,energyy2,test_acc_mode_none,0.5189873576164246
559,PSNN_wSurrGPT_wFaults_energyy2_run4,wFaults,energyy2,test_acc_mode_single,0.5189873576164246
560,PSNN_wSurrGPT_wFaults_energyy2_run4,wFaults,energyy2,val_power,0.00372661417350173
561,PSNN_wSurrGPT_woFaults_tictactoe_run5,woFaults,tictactoe,test_acc_mode_none,0.7215189933776855
562,PSNN_wSurrGPT_woFaults_tictactoe_run5,woFaults,tictactoe,test_acc_mode_single,0.7215189933776855
563,PSNN_wSurrGPT_woFaults_tictactoe_run5,woFaults,tictactoe,val_power,0.004651296883821487
564,PSNN_wSurrGPT_wFaults_tictactoe_run5,wFaults,tictactoe,test_acc_mode_none,0.6708860993385315
565,PSNN_wSurrGPT_wFaults_tictactoe_run5,wFaults,tictactoe,test_acc_mode_single,0.6708860993385315
566,PSNN_wSurrGPT_wFaults_tictactoe_run5,wFaults,tictactoe,val_power,0.0019237914821133015
567,PSNN_wSurrGPT_wFaults_energyy1_run5,wFaults,energyy1,test_acc_mode_none,0.8481012582778931
568,PSNN_wSurrGPT_wFaults_energyy1_run5,wFaults,energyy1,test_acc_mode_single,0.8481012582778931
569,PSNN_wSurrGPT_wFaults_energyy1_run5,wFaults,energyy1,val_power,0.00529177300632
570,PSNN_wSurrGPT_woFaults_energyy2_run5,woFaults,energyy2,test_acc_mode_none,0.5316455960273743
571,PSNN_wSurrGPT_woFaults_energyy2_run5,woFaults,energyy2,test_acc_mode_single,0.5189873576164246
572,PSNN_wSurrGPT_woFaults_energyy2_run5,woFaults,energyy2,val_power,0.006280627567321062
573,PSNN_wSurrGPT_woFaults_energyy1_run5,woFaults,energyy1,test_acc_mode_none,0.8481012582778931
574,PSNN_wSurrGPT_woFaults_energyy1_run5,woFaults,energyy1,test_acc_mode_single,0.797468364238739
575,PSNN_wSurrGPT_woFaults_energyy1_run5,woFaults,energyy1,val_power,0.004141785204410553
576,PSNN_wSurrGPT_wFaults_energyy2_run5,wFaults,energyy2,test_acc_mode_none,0.7215189933776855
577,PSNN_wSurrGPT_wFaults_energyy2_run5,wFaults,energyy2,test_acc_mode_single,0.7215189933776855
578,PSNN_wSurrGPT_wFaults_energyy2_run5,wFaults,energyy2,val_power,0.008746516890823841
579,PSNN_wSurrGPT_woFaults_tictactoe_run6,woFaults,tictactoe,test_acc_mode_none,0.6708860993385315
580,PSNN_wSurrGPT_woFaults_tictactoe_run6,woFaults,tictactoe,test_acc_mode_single,0.6708860993385315
581,PSNN_wSurrGPT_woFaults_tictactoe_run6,woFaults,tictactoe,val_power,0.0030921355355530977
582,PSNN_wSurrGPT_wFaults_tictactoe_run6,wFaults,tictactoe,test_acc_mode_none,0.6708860993385315
583,PSNN_wSurrGPT_wFaults_tictactoe_run6,wFaults,tictactoe,test_acc_mode_single,0.6708860993385315
584,PSNN_wSurrGPT_wFaults_tictactoe_run6,wFaults,tictactoe,val_power,0.0063050673343241215
