run_name,fault_mode,power_usage
PSNN_wSurrGPT_wFaults_acuteinflammation_run1,single_fault,2.3248971956491005e-05
PSNN_wSurrGPT_wFaults_acuteinflammation_run1,no_fault,1.559290467412211e-05
PSNN_wSurrGPT_wFaults_acuteinflammation_run2,single_fault,0.00016854403802426531
PSNN_wSurrGPT_wFaults_acuteinflammation_run2,no_fault,0.00014247930084820837
PSNN_wSurrGPT_wFaults_acuteinflammation_run3,single_fault,4.5203828267403876e-05
PSNN_wSurrGPT_wFaults_acuteinflammation_run3,no_fault,3.779984399443492e-05
PSNN_wSurrGPT_wFaults_acuteinflammation_run4,single_fault,0.00010198985037277453
PSNN_wSurrGPT_wFaults_acuteinflammation_run4,no_fault,7.25459904060699e-05
PSNN_wSurrGPT_wFaults_acuteinflammation_run5,single_fault,2.140273973054718e-05
PSNN_wSurrGPT_wFaults_acuteinflammation_run5,no_fault,1.6815502021927387e-05
PSNN_wSurrGPT_wFaults_acuteinflammation_run6,single_fault,0.0008636123617179692
PSNN_wSurrGPT_wFaults_acuteinflammation_run6,no_fault,0.0007934329332783818
PSNN_wSurrGPT_wFaults_balancescale_run1,single_fault,0.002255642635282129
PSNN_wSurrGPT_wFaults_balancescale_run1,no_fault,0.0022007209481671453
PSNN_wSurrGPT_wFaults_balancescale_run2,single_fault,0.0020797849399968983
PSNN_wSurrGPT_wFaults_balancescale_run2,no_fault,0.0020385702955536544
PSNN_wSurrGPT_wFaults_balancescale_run3,single_fault,0.005260352627374232
PSNN_wSurrGPT_wFaults_balancescale_run3,no_fault,0.005254404153674841
PSNN_wSurrGPT_wFaults_balancescale_run4,single_fault,0.0020266773004550486
PSNN_wSurrGPT_wFaults_balancescale_run4,no_fault,0.0020034414483234286
PSNN_wSurrGPT_wFaults_cbf_run1,single_fault,0.0019403541751671582
PSNN_wSurrGPT_wFaults_cbf_run1,no_fault,0.001830636232625693
PSNN_wSurrGPT_wFaults_cbf_run2,single_fault,0.005028038914315402
PSNN_wSurrGPT_wFaults_cbf_run2,no_fault,0.005014476832002401
PSNN_wSurrGPT_wFaults_cbf_run3,single_fault,0.012500734813511372
PSNN_wSurrGPT_wFaults_cbf_run3,no_fault,0.012363787740468979
PSNN_wSurrGPT_wFaults_cbf_run4,single_fault,0.001939195772865787
PSNN_wSurrGPT_wFaults_cbf_run4,no_fault,0.0019090261776000261
PSNN_wSurrGPT_wFaults_cbf_run5,single_fault,0.003327365661971271
PSNN_wSurrGPT_wFaults_cbf_run5,no_fault,0.003204359207302332
PSNN_wSurrGPT_wFaults_cbf_run6,single_fault,0.0014519900607410819
PSNN_wSurrGPT_wFaults_cbf_run6,no_fault,0.0013895300216972828
PSNN_wSurrGPT_wFaults_distalphalanxtw_run1,single_fault,0.002469670196296647
PSNN_wSurrGPT_wFaults_distalphalanxtw_run1,no_fault,0.0013768448261544108
PSNN_wSurrGPT_wFaults_distalphalanxtw_run2,single_fault,0.0010258617345243692
PSNN_wSurrGPT_wFaults_distalphalanxtw_run2,no_fault,0.0010075733298435807
PSNN_wSurrGPT_wFaults_distalphalanxtw_run3,single_fault,0.0009324637474492192
PSNN_wSurrGPT_wFaults_distalphalanxtw_run3,no_fault,0.0009256690973415971
PSNN_wSurrGPT_wFaults_distalphalanxtw_run4,single_fault,0.0002582495755632408
PSNN_wSurrGPT_wFaults_distalphalanxtw_run4,no_fault,0.0001979424778255634
PSNN_wSurrGPT_wFaults_distalphalanxtw_run5,single_fault,0.00958350272849202
PSNN_wSurrGPT_wFaults_distalphalanxtw_run5,no_fault,0.009555825497955084
PSNN_wSurrGPT_wFaults_energyy1_run1,single_fault,0.008528296137228608
PSNN_wSurrGPT_wFaults_energyy1_run1,no_fault,0.008342874702066183
PSNN_wSurrGPT_wFaults_gunpointoldversusyoung_run1,single_fault,0.0013924159517046063
PSNN_wSurrGPT_wFaults_gunpointoldversusyoung_run1,no_fault,0.0013100767391733825
PSNN_wSurrGPT_wFaults_gunpointoldversusyoung_run2,single_fault,0.0020307304046582432
PSNN_wSurrGPT_wFaults_gunpointoldversusyoung_run2,no_fault,0.002046091598458588
PSNN_wSurrGPT_wFaults_gunpointoldversusyoung_run3,single_fault,0.003031642793212086
PSNN_wSurrGPT_wFaults_gunpointoldversusyoung_run3,no_fault,0.0028064512880519032
PSNN_wSurrGPT_wFaults_gunpointoldversusyoung_run4,single_fault,0.0035035816254094243
PSNN_wSurrGPT_wFaults_gunpointoldversusyoung_run4,no_fault,0.002847356488928199
PSNN_wSurrGPT_wFaults_gunpointoldversusyoung_run5,single_fault,0.0005111815946293064
PSNN_wSurrGPT_wFaults_gunpointoldversusyoung_run5,no_fault,0.000452820910140872
PSNN_wSurrGPT_wFaults_powercons_run1,single_fault,0.001023137432639487
PSNN_wSurrGPT_wFaults_powercons_run1,no_fault,0.0009756039071362466
PSNN_wSurrGPT_wFaults_powercons_run2,single_fault,6.468544961535372e-05
PSNN_wSurrGPT_wFaults_powercons_run2,no_fault,6.248097270145081e-05
PSNN_wSurrGPT_wFaults_powercons_run3,single_fault,5.766657141066389e-05
PSNN_wSurrGPT_wFaults_powercons_run3,no_fault,5.7007313444046304e-05
PSNN_wSurrGPT_wFaults_powercons_run4,single_fault,0.0014453710173256695
PSNN_wSurrGPT_wFaults_powercons_run4,no_fault,0.001429799827747047
PSNN_wSurrGPT_wFaults_powercons_run5,single_fault,3.2411483607575066e-05
PSNN_wSurrGPT_wFaults_powercons_run5,no_fault,2.8842559004260693e-05
PSNN_wSurrGPT_wFaults_powercons_run6,single_fault,0.0019164964265655725
PSNN_wSurrGPT_wFaults_powercons_run6,no_fault,0.0018793648341670632
PSNN_wSurrGPT_wFaults_seeds_run1,single_fault,3.174573303112993e-05
PSNN_wSurrGPT_wFaults_seeds_run1,no_fault,3.001846926053986e-05
PSNN_wSurrGPT_wFaults_seeds_run2,single_fault,0.0003741445514606312
PSNN_wSurrGPT_wFaults_seeds_run2,no_fault,0.00010151020251214504
PSNN_wSurrGPT_wFaults_seeds_run3,single_fault,2.235151459899498e-05
PSNN_wSurrGPT_wFaults_seeds_run3,no_fault,1.6667258023517206e-05
PSNN_wSurrGPT_wFaults_seeds_run4,single_fault,8.256423971033655e-05
PSNN_wSurrGPT_wFaults_seeds_run4,no_fault,8.250376413343474e-05
PSNN_wSurrGPT_wFaults_seeds_run5,single_fault,0.001706157869193703
PSNN_wSurrGPT_wFaults_seeds_run5,no_fault,0.0016819158336147666
PSNN_wSurrGPT_wFaults_selfregulationscp2_run1,single_fault,0.0002806698874337599
PSNN_wSurrGPT_wFaults_selfregulationscp2_run1,no_fault,0.00025633437326177955
PSNN_wSurrGPT_wFaults_selfregulationscp2_run2,single_fault,0.00010607309923216235
PSNN_wSurrGPT_wFaults_selfregulationscp2_run2,no_fault,0.00010204568025073968
PSNN_wSurrGPT_wFaults_selfregulationscp2_run3,single_fault,7.187071678345091e-05
PSNN_wSurrGPT_wFaults_selfregulationscp2_run3,no_fault,7.107192141120322e-05
PSNN_wSurrGPT_wFaults_selfregulationscp2_run4,single_fault,7.411102942569414e-05
PSNN_wSurrGPT_wFaults_selfregulationscp2_run4,no_fault,4.9806862080004066e-05
PSNN_wSurrGPT_wFaults_selfregulationscp2_run5,single_fault,8.910012656997424e-05
PSNN_wSurrGPT_wFaults_selfregulationscp2_run5,no_fault,7.790607560309581e-05
PSNN_wSurrGPT_wFaults_slope_run1,single_fault,0.000744468328775838
PSNN_wSurrGPT_wFaults_slope_run1,no_fault,0.0007110961596481502
PSNN_wSurrGPT_wFaults_slope_run2,single_fault,4.573764981614658e-05
PSNN_wSurrGPT_wFaults_slope_run2,no_fault,3.8213243897189386e-05
PSNN_wSurrGPT_wFaults_slope_run3,single_fault,0.00042688124085543677
PSNN_wSurrGPT_wFaults_slope_run3,no_fault,0.00040918809827417135
PSNN_wSurrGPT_wFaults_slope_run4,single_fault,0.00025757139082998036
PSNN_wSurrGPT_wFaults_slope_run4,no_fault,0.0002430446693324484
PSNN_wSurrGPT_wFaults_slope_run5,single_fault,4.1627635073382405e-05
PSNN_wSurrGPT_wFaults_slope_run5,no_fault,3.763093445741106e-05
PSNN_wSurrGPT_wFaults_tictactoe_run1,single_fault,0.0005766438349382952
PSNN_wSurrGPT_wFaults_tictactoe_run1,no_fault,0.0005706536176148802
PSNN_wSurrGPT_woFaults_acuteinflammation_run1,single_fault,1.141161446867045e-05
PSNN_wSurrGPT_woFaults_acuteinflammation_run1,no_fault,9.887846317724325e-06
PSNN_wSurrGPT_woFaults_acuteinflammation_run2,single_fault,5.573098387685604e-05
PSNN_wSurrGPT_woFaults_acuteinflammation_run2,no_fault,4.17441624449566e-05
PSNN_wSurrGPT_woFaults_acuteinflammation_run3,single_fault,2.652427665452706e-05
PSNN_wSurrGPT_woFaults_acuteinflammation_run3,no_fault,2.3521457478636876e-05
PSNN_wSurrGPT_woFaults_acuteinflammation_run4,single_fault,6.17317247815663e-05
PSNN_wSurrGPT_woFaults_acuteinflammation_run4,no_fault,5.032246917835437e-05
PSNN_wSurrGPT_woFaults_acuteinflammation_run5,single_fault,5.738825384469237e-05
PSNN_wSurrGPT_woFaults_acuteinflammation_run5,no_fault,5.7166700571542606e-05
PSNN_wSurrGPT_woFaults_acuteinflammation_run6,single_fault,5.92526288528461e-05
PSNN_wSurrGPT_woFaults_acuteinflammation_run6,no_fault,5.862743273610249e-05
PSNN_wSurrGPT_woFaults_balancescale_run1,single_fault,0.0019897217280231416
PSNN_wSurrGPT_woFaults_balancescale_run1,no_fault,0.001681129273492843
PSNN_wSurrGPT_woFaults_balancescale_run2,single_fault,0.003422238281928003
PSNN_wSurrGPT_woFaults_balancescale_run2,no_fault,0.0033413571072742343
PSNN_wSurrGPT_woFaults_balancescale_run3,single_fault,0.005029082950204611
PSNN_wSurrGPT_woFaults_balancescale_run3,no_fault,0.004994549555703998
PSNN_wSurrGPT_woFaults_balancescale_run4,single_fault,0.0008283808769192546
PSNN_wSurrGPT_woFaults_balancescale_run4,no_fault,0.0006648111739195883
PSNN_wSurrGPT_woFaults_cbf_run1,single_fault,0.0012111063115298748
PSNN_wSurrGPT_woFaults_cbf_run1,no_fault,0.001140997395850718
PSNN_wSurrGPT_woFaults_cbf_run2,single_fault,0.0016333824256435036
PSNN_wSurrGPT_woFaults_cbf_run2,no_fault,0.0016234145732596517
PSNN_wSurrGPT_woFaults_cbf_run3,single_fault,0.0011812944314442575
PSNN_wSurrGPT_woFaults_cbf_run3,no_fault,0.001055282074958086
PSNN_wSurrGPT_woFaults_cbf_run4,single_fault,0.0025693771662190557
PSNN_wSurrGPT_woFaults_cbf_run4,no_fault,0.0024517960846424103
PSNN_wSurrGPT_woFaults_cbf_run5,single_fault,0.0025292384787462653
PSNN_wSurrGPT_woFaults_cbf_run5,no_fault,0.002479623770341277
PSNN_wSurrGPT_woFaults_cbf_run6,single_fault,0.0037603169097565115
PSNN_wSurrGPT_woFaults_cbf_run6,no_fault,0.0035723099717870355
PSNN_wSurrGPT_woFaults_distalphalanxtw_run1,single_fault,0.006687357160262764
PSNN_wSurrGPT_woFaults_distalphalanxtw_run1,no_fault,0.0066481344401836395
PSNN_wSurrGPT_woFaults_distalphalanxtw_run2,single_fault,0.00167335529695265
PSNN_wSurrGPT_woFaults_distalphalanxtw_run2,no_fault,0.0016481369966641068
PSNN_wSurrGPT_woFaults_distalphalanxtw_run3,single_fault,0.0016652035003062338
PSNN_wSurrGPT_woFaults_distalphalanxtw_run3,no_fault,0.0016573599423281848
PSNN_wSurrGPT_woFaults_distalphalanxtw_run4,single_fault,0.0027341610519215466
PSNN_wSurrGPT_woFaults_distalphalanxtw_run4,no_fault,0.0027102273888885975
PSNN_wSurrGPT_woFaults_distalphalanxtw_run5,single_fault,0.004936521267518401
PSNN_wSurrGPT_woFaults_distalphalanxtw_run5,no_fault,0.0048085968010127544
PSNN_wSurrGPT_woFaults_distalphalanxtw_run6,single_fault,0.0016336576838511974
PSNN_wSurrGPT_woFaults_distalphalanxtw_run6,no_fault,0.0015573599957861006
PSNN_wSurrGPT_woFaults_energyy1_run1,single_fault,0.0014048499637283386
PSNN_wSurrGPT_woFaults_energyy1_run1,no_fault,0.0013697100803256035
PSNN_wSurrGPT_woFaults_energyy1_run2,single_fault,0.003823981108143926
PSNN_wSurrGPT_woFaults_energyy1_run2,no_fault,0.0037303760182112455
PSNN_wSurrGPT_woFaults_gunpointoldversusyoung_run1,single_fault,0.0021291699551511554
PSNN_wSurrGPT_woFaults_gunpointoldversusyoung_run1,no_fault,0.002043432672508061
PSNN_wSurrGPT_woFaults_gunpointoldversusyoung_run2,single_fault,0.00833189815748483
PSNN_wSurrGPT_woFaults_gunpointoldversusyoung_run2,no_fault,0.006975255440920591
PSNN_wSurrGPT_woFaults_gunpointoldversusyoung_run3,single_fault,0.0024845803622156382
PSNN_wSurrGPT_woFaults_gunpointoldversusyoung_run3,no_fault,0.0024525377666577697
PSNN_wSurrGPT_woFaults_gunpointoldversusyoung_run4,single_fault,0.0014833057299256324
PSNN_wSurrGPT_woFaults_gunpointoldversusyoung_run4,no_fault,0.001138675317633897
PSNN_wSurrGPT_woFaults_gunpointoldversusyoung_run5,single_fault,0.0012051378260366618
PSNN_wSurrGPT_woFaults_gunpointoldversusyoung_run5,no_fault,0.0011591534712351859
PSNN_wSurrGPT_woFaults_powercons_run1,single_fault,2.5739112788869534e-05
PSNN_wSurrGPT_woFaults_powercons_run1,no_fault,2.243494145659497e-05
PSNN_wSurrGPT_woFaults_powercons_run3,single_fault,9.047377679962664e-05
PSNN_wSurrGPT_woFaults_powercons_run3,no_fault,8.262541814474389e-05
PSNN_wSurrGPT_woFaults_powercons_run4,single_fault,0.0005427044961834326
PSNN_wSurrGPT_woFaults_powercons_run4,no_fault,0.00029637807165272534
PSNN_wSurrGPT_woFaults_powercons_run5,single_fault,9.557296143611894e-05
PSNN_wSurrGPT_woFaults_powercons_run5,no_fault,8.964276275946759e-05
PSNN_wSurrGPT_woFaults_powercons_run6,single_fault,3.197034830009216e-05
PSNN_wSurrGPT_woFaults_powercons_run6,no_fault,2.4673108782735653e-05
PSNN_wSurrGPT_woFaults_seeds_run1,single_fault,4.2446719453437255e-05
PSNN_wSurrGPT_woFaults_seeds_run1,no_fault,4.048016853630543e-05
PSNN_wSurrGPT_woFaults_seeds_run2,single_fault,0.0010670715477317573
PSNN_wSurrGPT_woFaults_seeds_run2,no_fault,0.0010594092309474945
PSNN_wSurrGPT_woFaults_seeds_run3,single_fault,1.8544719205237924e-05
PSNN_wSurrGPT_woFaults_seeds_run3,no_fault,1.6185476852115244e-05
PSNN_wSurrGPT_woFaults_seeds_run4,single_fault,0.00020661881571868435
PSNN_wSurrGPT_woFaults_seeds_run4,no_fault,0.00018320059461984783
PSNN_wSurrGPT_woFaults_seeds_run5,single_fault,0.005592489428818226
PSNN_wSurrGPT_woFaults_seeds_run5,no_fault,0.005566992796957493
PSNN_wSurrGPT_woFaults_seeds_run6,single_fault,7.471235367120243e-05
PSNN_wSurrGPT_woFaults_seeds_run6,no_fault,6.518467125715688e-05
PSNN_wSurrGPT_woFaults_selfregulationscp2_run1,single_fault,0.00016364563125534915
PSNN_wSurrGPT_woFaults_selfregulationscp2_run1,no_fault,0.00014285273937275633
PSNN_wSurrGPT_woFaults_selfregulationscp2_run2,single_fault,3.148393825540552e-05
PSNN_wSurrGPT_woFaults_selfregulationscp2_run2,no_fault,2.7437006792752072e-05
PSNN_wSurrGPT_woFaults_selfregulationscp2_run3,single_fault,6.217507871042471e-05
PSNN_wSurrGPT_woFaults_selfregulationscp2_run3,no_fault,5.179496292839758e-05
PSNN_wSurrGPT_woFaults_selfregulationscp2_run4,single_fault,4.411967001942685e-05
PSNN_wSurrGPT_woFaults_selfregulationscp2_run4,no_fault,3.792935603996739e-05
PSNN_wSurrGPT_woFaults_selfregulationscp2_run5,single_fault,5.10529560415307e-05
PSNN_wSurrGPT_woFaults_selfregulationscp2_run5,no_fault,4.098578756384086e-05
PSNN_wSurrGPT_woFaults_slope_run1,single_fault,3.145658592984546e-05
PSNN_wSurrGPT_woFaults_slope_run1,no_fault,3.063369695155416e-05
PSNN_wSurrGPT_woFaults_slope_run2,single_fault,3.453296194493305e-05
PSNN_wSurrGPT_woFaults_slope_run2,no_fault,2.2961605282034725e-05
PSNN_wSurrGPT_woFaults_slope_run3,single_fault,0.0006571666221134364
PSNN_wSurrGPT_woFaults_slope_run3,no_fault,0.0006272515165619552
PSNN_wSurrGPT_woFaults_slope_run5,single_fault,1.3311503289514804e-05
PSNN_wSurrGPT_woFaults_slope_run5,no_fault,1.264044112758711e-05
PSNN_wSurrGPT_woFaults_slope_run6,single_fault,6.254971031012246e-05
PSNN_wSurrGPT_woFaults_slope_run6,no_fault,5.366515688365325e-05
PSNN_wSurrGPT_woFaults_tictactoe_run1,single_fault,0.00191959198564291
PSNN_wSurrGPT_woFaults_tictactoe_run1,no_fault,0.0018976764986291528
PSNN_wSurrGPT_woFaults_tictactoe_run2,single_fault,0.0022495624027214943
PSNN_wSurrGPT_woFaults_tictactoe_run2,no_fault,0.002218898735009134
