,run,method,dataset,metric,value,roc_mode
0,PSNN_wSurrGPT_wFaults_acuteinflammation_run1,wFaults,acuteinflammation,test_acc_mode_none,0.3199999928474426,
1,PSNN_wSurrGPT_wFaults_acuteinflammation_run1,wFaults,acuteinflammation,test_acc_mode_single,0.3199999928474426,
2,PSNN_wSurrGPT_wFaults_acuteinflammation_run1,wFaults,acuteinflammation,val_loss,0.7493644952774048,
3,PSNN_wSurrGPT_wFaults_acuteinflammation_run1,wFaults,acuteinflammation,val_power,0.1939115673303604,
4,PSNN_wSurrGPT_wFaults_acuteinflammation_run1,wFaults,acuteinflammation,test_roc_micro_auc,0.6764705777168274,generic
5,PSNN_wSurrGPT_wFaults_acuteinflammation_run1,wFaults,acuteinflammation,test_roc_micro_auc_mode_none,0.6764705777168274,none
6,PSNN_wSurrGPT_wFaults_acuteinflammation_run1,wFaults,acuteinflammation,test_roc_micro_auc_mode_single,0.5,single
7,PSNN_wSurrGPT_woFaults_acuteinflammation_run1,woFaults,acuteinflammation,test_acc_mode_none,0.3199999928474426,
8,PSNN_wSurrGPT_woFaults_acuteinflammation_run1,woFaults,acuteinflammation,test_acc_mode_single,0.6800000071525574,
9,PSNN_wSurrGPT_woFaults_acuteinflammation_run1,woFaults,acuteinflammation,val_loss,0.7258288264274597,
10,PSNN_wSurrGPT_woFaults_acuteinflammation_run1,woFaults,acuteinflammation,val_power,0.0017903948901221156,
11,PSNN_wSurrGPT_woFaults_acuteinflammation_run1,woFaults,acuteinflammation,test_roc_micro_auc,0.375,generic
12,PSNN_wSurrGPT_woFaults_acuteinflammation_run1,woFaults,acuteinflammation,test_roc_micro_auc_mode_none,0.375,none
13,PSNN_wSurrGPT_woFaults_acuteinflammation_run1,woFaults,acuteinflammation,test_roc_micro_auc_mode_single,0.5,single
14,PSNN_wSurrGPT_woFaults_cbf_run1,woFaults,cbf,test_acc_mode_none,0.44999998807907104,
15,PSNN_wSurrGPT_woFaults_cbf_run1,woFaults,cbf,test_acc_mode_single,0.5600000023841858,
16,PSNN_wSurrGPT_woFaults_cbf_run1,woFaults,cbf,val_loss,1.0744842290878296,
17,PSNN_wSurrGPT_woFaults_cbf_run1,woFaults,cbf,val_power,0.0013076254399493337,
18,PSNN_wSurrGPT_woFaults_cbf_run1,woFaults,cbf,test_roc_micro_auc,0.746749997138977,generic
19,PSNN_wSurrGPT_woFaults_cbf_run1,woFaults,cbf,test_roc_micro_auc_mode_none,0.746749997138977,none
20,PSNN_wSurrGPT_woFaults_cbf_run1,woFaults,cbf,test_roc_micro_auc_mode_single,0.7271000146865845,single
21,PSNN_wSurrGPT_wFaults_cbf_run1,wFaults,cbf,test_acc_mode_none,0.6299999952316284,
22,PSNN_wSurrGPT_wFaults_cbf_run1,wFaults,cbf,test_acc_mode_single,0.5799999833106995,
23,PSNN_wSurrGPT_wFaults_cbf_run1,wFaults,cbf,val_loss,1.058610200881958,
24,PSNN_wSurrGPT_wFaults_cbf_run1,wFaults,cbf,val_power,0.0018320539966225624,
25,PSNN_wSurrGPT_wFaults_cbf_run1,wFaults,cbf,test_roc_micro_auc,0.8378000259399414,generic
26,PSNN_wSurrGPT_wFaults_cbf_run1,wFaults,cbf,test_roc_micro_auc_mode_none,0.8378000259399414,none
27,PSNN_wSurrGPT_wFaults_cbf_run1,wFaults,cbf,test_roc_micro_auc_mode_single,0.8224499821662903,single
28,PSNN_wSurrGPT_woFaults_acuteinflammation_run2,woFaults,acuteinflammation,test_acc_mode_none,0.3199999928474426,
29,PSNN_wSurrGPT_woFaults_acuteinflammation_run2,woFaults,acuteinflammation,test_acc_mode_single,0.3199999928474426,
30,PSNN_wSurrGPT_woFaults_acuteinflammation_run2,woFaults,acuteinflammation,val_loss,0.7271084189414978,
31,PSNN_wSurrGPT_woFaults_acuteinflammation_run2,woFaults,acuteinflammation,val_power,0.00548918591812253,
32,PSNN_wSurrGPT_woFaults_acuteinflammation_run2,woFaults,acuteinflammation,test_roc_micro_auc,0.720588207244873,generic
33,PSNN_wSurrGPT_woFaults_acuteinflammation_run2,woFaults,acuteinflammation,test_roc_micro_auc_mode_none,0.720588207244873,none
34,PSNN_wSurrGPT_woFaults_acuteinflammation_run2,woFaults,acuteinflammation,test_roc_micro_auc_mode_single,0.5588235259056091,single
35,PSNN_wSurrGPT_wFaults_acuteinflammation_run2,wFaults,acuteinflammation,test_acc_mode_none,0.3199999928474426,
36,PSNN_wSurrGPT_wFaults_acuteinflammation_run2,wFaults,acuteinflammation,test_acc_mode_single,0.3199999928474426,
37,PSNN_wSurrGPT_wFaults_acuteinflammation_run2,wFaults,acuteinflammation,val_loss,0.729805588722229,
38,PSNN_wSurrGPT_wFaults_acuteinflammation_run2,wFaults,acuteinflammation,val_power,0.028808990493416783,
39,PSNN_wSurrGPT_wFaults_acuteinflammation_run2,wFaults,acuteinflammation,test_roc_micro_auc,0.6985294222831726,generic
40,PSNN_wSurrGPT_wFaults_acuteinflammation_run2,wFaults,acuteinflammation,test_roc_micro_auc_mode_none,0.6985294222831726,none
41,PSNN_wSurrGPT_wFaults_acuteinflammation_run2,wFaults,acuteinflammation,test_roc_micro_auc_mode_single,0.5220588445663452,single
42,PSNN_wSurrGPT_woFaults_cbf_run2,woFaults,cbf,test_acc_mode_none,0.4300000071525574,
43,PSNN_wSurrGPT_woFaults_cbf_run2,woFaults,cbf,test_acc_mode_single,0.4099999964237213,
44,PSNN_wSurrGPT_woFaults_cbf_run2,woFaults,cbf,val_loss,1.0743613243103027,
45,PSNN_wSurrGPT_woFaults_cbf_run2,woFaults,cbf,val_power,0.0016253384528681636,
46,PSNN_wSurrGPT_woFaults_cbf_run2,woFaults,cbf,test_roc_micro_auc,0.7545499801635742,generic
47,PSNN_wSurrGPT_woFaults_cbf_run2,woFaults,cbf,test_roc_micro_auc_mode_none,0.7545499801635742,none
48,PSNN_wSurrGPT_woFaults_cbf_run2,woFaults,cbf,test_roc_micro_auc_mode_single,0.6847000122070312,single
49,PSNN_wSurrGPT_wFaults_cbf_run2,wFaults,cbf,test_acc_mode_none,0.800000011920929,
50,PSNN_wSurrGPT_wFaults_cbf_run2,wFaults,cbf,test_acc_mode_single,0.47999998927116394,
51,PSNN_wSurrGPT_wFaults_cbf_run2,wFaults,cbf,val_loss,1.0647568702697754,
52,PSNN_wSurrGPT_wFaults_cbf_run2,wFaults,cbf,val_power,0.0051964567974209785,
53,PSNN_wSurrGPT_wFaults_cbf_run2,wFaults,cbf,test_roc_micro_auc,0.903349995613098,generic
54,PSNN_wSurrGPT_wFaults_cbf_run2,wFaults,cbf,test_roc_micro_auc_mode_none,0.903349995613098,none
55,PSNN_wSurrGPT_wFaults_cbf_run2,wFaults,cbf,test_roc_micro_auc_mode_single,0.6882500052452087,single
56,PSNN_wSurrGPT_woFaults_acuteinflammation_run3,woFaults,acuteinflammation,test_acc_mode_none,0.3199999928474426,
57,PSNN_wSurrGPT_woFaults_acuteinflammation_run3,woFaults,acuteinflammation,test_acc_mode_single,0.3199999928474426,
58,PSNN_wSurrGPT_woFaults_acuteinflammation_run3,woFaults,acuteinflammation,val_loss,0.7260082364082336,
59,PSNN_wSurrGPT_woFaults_acuteinflammation_run3,woFaults,acuteinflammation,val_power,0.006541547365486622,
60,PSNN_wSurrGPT_woFaults_acuteinflammation_run3,woFaults,acuteinflammation,test_roc_micro_auc,0.4742647111415863,generic
61,PSNN_wSurrGPT_woFaults_acuteinflammation_run3,woFaults,acuteinflammation,test_roc_micro_auc_mode_none,0.4742647111415863,none
62,PSNN_wSurrGPT_woFaults_acuteinflammation_run3,woFaults,acuteinflammation,test_roc_micro_auc_mode_single,0.5,single
63,PSNN_wSurrGPT_wFaults_acuteinflammation_run3,wFaults,acuteinflammation,test_acc_mode_none,0.3199999928474426,
64,PSNN_wSurrGPT_wFaults_acuteinflammation_run3,wFaults,acuteinflammation,test_acc_mode_single,0.3199999928474426,
65,PSNN_wSurrGPT_wFaults_acuteinflammation_run3,wFaults,acuteinflammation,val_loss,0.7273262739181519,
66,PSNN_wSurrGPT_wFaults_acuteinflammation_run3,wFaults,acuteinflammation,val_power,0.002008403418585658,
67,PSNN_wSurrGPT_wFaults_acuteinflammation_run3,wFaults,acuteinflammation,test_roc_micro_auc,0.5698529481887817,generic
68,PSNN_wSurrGPT_wFaults_acuteinflammation_run3,wFaults,acuteinflammation,test_roc_micro_auc_mode_none,0.5698529481887817,none
69,PSNN_wSurrGPT_wFaults_acuteinflammation_run3,wFaults,acuteinflammation,test_roc_micro_auc_mode_single,0.5,single
70,PSNN_wSurrGPT_woFaults_cbf_run3,woFaults,cbf,test_acc_mode_none,0.6100000143051147,
71,PSNN_wSurrGPT_woFaults_cbf_run3,woFaults,cbf,test_acc_mode_single,0.5699999928474426,
72,PSNN_wSurrGPT_woFaults_cbf_run3,woFaults,cbf,val_loss,1.0704066753387451,
73,PSNN_wSurrGPT_woFaults_cbf_run3,woFaults,cbf,val_power,0.0010557257337495685,
74,PSNN_wSurrGPT_woFaults_cbf_run3,woFaults,cbf,test_roc_micro_auc,0.7451000213623047,generic
75,PSNN_wSurrGPT_woFaults_cbf_run3,woFaults,cbf,test_roc_micro_auc_mode_none,0.7451000213623047,none
76,PSNN_wSurrGPT_woFaults_cbf_run3,woFaults,cbf,test_roc_micro_auc_mode_single,0.7508500218391418,single
77,PSNN_wSurrGPT_wFaults_cbf_run3,wFaults,cbf,test_acc_mode_none,0.7200000286102295,
78,PSNN_wSurrGPT_wFaults_cbf_run3,wFaults,cbf,test_acc_mode_single,0.6399999856948853,
79,PSNN_wSurrGPT_wFaults_cbf_run3,wFaults,cbf,val_loss,1.0830416679382324,
80,PSNN_wSurrGPT_wFaults_cbf_run3,wFaults,cbf,val_power,0.014805100858211516,
81,PSNN_wSurrGPT_wFaults_cbf_run3,wFaults,cbf,test_roc_micro_auc,0.8317499756813049,generic
82,PSNN_wSurrGPT_wFaults_cbf_run3,wFaults,cbf,test_roc_micro_auc_mode_none,0.8317499756813049,none
83,PSNN_wSurrGPT_wFaults_cbf_run3,wFaults,cbf,test_roc_micro_auc_mode_single,0.7919999957084656,single
84,PSNN_wSurrGPT_woFaults_acuteinflammation_run4,woFaults,acuteinflammation,test_acc_mode_none,0.3199999928474426,
85,PSNN_wSurrGPT_woFaults_acuteinflammation_run4,woFaults,acuteinflammation,test_acc_mode_single,0.3199999928474426,
86,PSNN_wSurrGPT_woFaults_acuteinflammation_run4,woFaults,acuteinflammation,val_loss,0.7254933714866638,
87,PSNN_wSurrGPT_woFaults_acuteinflammation_run4,woFaults,acuteinflammation,val_power,0.0008296867017634213,
88,PSNN_wSurrGPT_woFaults_acuteinflammation_run4,woFaults,acuteinflammation,test_roc_micro_auc,0.4485294222831726,generic
89,PSNN_wSurrGPT_woFaults_acuteinflammation_run4,woFaults,acuteinflammation,test_roc_micro_auc_mode_none,0.4485294222831726,none
90,PSNN_wSurrGPT_woFaults_acuteinflammation_run4,woFaults,acuteinflammation,test_roc_micro_auc_mode_single,0.8161764740943909,single
91,PSNN_wSurrGPT_wFaults_acuteinflammation_run4,wFaults,acuteinflammation,test_acc_mode_none,0.3199999928474426,
92,PSNN_wSurrGPT_wFaults_acuteinflammation_run4,wFaults,acuteinflammation,test_acc_mode_single,0.3199999928474426,
93,PSNN_wSurrGPT_wFaults_acuteinflammation_run4,wFaults,acuteinflammation,val_loss,0.7259235382080078,
94,PSNN_wSurrGPT_wFaults_acuteinflammation_run4,wFaults,acuteinflammation,val_power,0.0007143441471271217,
95,PSNN_wSurrGPT_wFaults_acuteinflammation_run4,wFaults,acuteinflammation,test_roc_micro_auc,0.625,generic
96,PSNN_wSurrGPT_wFaults_acuteinflammation_run4,wFaults,acuteinflammation,test_roc_micro_auc_mode_none,0.625,none
97,PSNN_wSurrGPT_wFaults_acuteinflammation_run4,wFaults,acuteinflammation,test_roc_micro_auc_mode_single,0.26838234066963196,single
98,PSNN_wSurrGPT_woFaults_acuteinflammation_run5,woFaults,acuteinflammation,test_acc_mode_none,0.6800000071525574,
99,PSNN_wSurrGPT_woFaults_acuteinflammation_run5,woFaults,acuteinflammation,test_acc_mode_single,0.6800000071525574,
100,PSNN_wSurrGPT_woFaults_acuteinflammation_run5,woFaults,acuteinflammation,val_loss,0.7223876714706421,
101,PSNN_wSurrGPT_woFaults_acuteinflammation_run5,woFaults,acuteinflammation,val_power,0.0008134959498420358,
102,PSNN_wSurrGPT_woFaults_acuteinflammation_run5,woFaults,acuteinflammation,test_roc_micro_auc,0.5,generic
103,PSNN_wSurrGPT_woFaults_acuteinflammation_run5,woFaults,acuteinflammation,test_roc_micro_auc_mode_none,0.5,none
104,PSNN_wSurrGPT_woFaults_acuteinflammation_run5,woFaults,acuteinflammation,test_roc_micro_auc_mode_single,0.5,single
105,PSNN_wSurrGPT_woFaults_cbf_run4,woFaults,cbf,test_acc_mode_none,0.7200000286102295,
106,PSNN_wSurrGPT_woFaults_cbf_run4,woFaults,cbf,test_acc_mode_single,0.5099999904632568,
107,PSNN_wSurrGPT_woFaults_cbf_run4,woFaults,cbf,val_loss,1.0715845823287964,
108,PSNN_wSurrGPT_woFaults_cbf_run4,woFaults,cbf,val_power,0.002452592831104994,
109,PSNN_wSurrGPT_woFaults_cbf_run4,woFaults,cbf,test_roc_micro_auc,0.8579999804496765,generic
110,PSNN_wSurrGPT_woFaults_cbf_run4,woFaults,cbf,test_roc_micro_auc_mode_none,0.8579999804496765,none
111,PSNN_wSurrGPT_woFaults_cbf_run4,woFaults,cbf,test_roc_micro_auc_mode_single,0.7674000263214111,single
112,PSNN_wSurrGPT_wFaults_cbf_run4,wFaults,cbf,test_acc_mode_none,0.41999998688697815,
113,PSNN_wSurrGPT_wFaults_cbf_run4,wFaults,cbf,test_acc_mode_single,0.4300000071525574,
114,PSNN_wSurrGPT_wFaults_cbf_run4,wFaults,cbf,val_loss,1.13207745552063,
115,PSNN_wSurrGPT_wFaults_cbf_run4,wFaults,cbf,val_power,0.0023148206528276205,
116,PSNN_wSurrGPT_wFaults_cbf_run4,wFaults,cbf,test_roc_micro_auc,0.7347999811172485,generic
117,PSNN_wSurrGPT_wFaults_cbf_run4,wFaults,cbf,test_roc_micro_auc_mode_none,0.7347999811172485,none
118,PSNN_wSurrGPT_wFaults_cbf_run4,wFaults,cbf,test_roc_micro_auc_mode_single,0.7091500163078308,single
119,PSNN_wSurrGPT_wFaults_acuteinflammation_run5,wFaults,acuteinflammation,test_acc_mode_none,0.6800000071525574,
120,PSNN_wSurrGPT_wFaults_acuteinflammation_run5,wFaults,acuteinflammation,test_acc_mode_single,0.6800000071525574,
121,PSNN_wSurrGPT_wFaults_acuteinflammation_run5,wFaults,acuteinflammation,val_loss,0.7220091819763184,
122,PSNN_wSurrGPT_wFaults_acuteinflammation_run5,wFaults,acuteinflammation,val_power,0.0012967443326488135,
123,PSNN_wSurrGPT_wFaults_acuteinflammation_run5,wFaults,acuteinflammation,test_roc_micro_auc,0.5,generic
124,PSNN_wSurrGPT_wFaults_acuteinflammation_run5,wFaults,acuteinflammation,test_roc_micro_auc_mode_none,0.5,none
125,PSNN_wSurrGPT_wFaults_acuteinflammation_run5,wFaults,acuteinflammation,test_roc_micro_auc_mode_single,0.6654411554336548,single
126,PSNN_wSurrGPT_woFaults_acuteinflammation_run6,woFaults,acuteinflammation,test_acc_mode_none,0.6800000071525574,
127,PSNN_wSurrGPT_woFaults_acuteinflammation_run6,woFaults,acuteinflammation,test_acc_mode_single,0.6800000071525574,
128,PSNN_wSurrGPT_woFaults_acuteinflammation_run6,woFaults,acuteinflammation,val_loss,0.7262832522392273,
129,PSNN_wSurrGPT_woFaults_acuteinflammation_run6,woFaults,acuteinflammation,val_power,0.002531590638682246,
130,PSNN_wSurrGPT_woFaults_acuteinflammation_run6,woFaults,acuteinflammation,test_roc_micro_auc,1.0,generic
131,PSNN_wSurrGPT_woFaults_acuteinflammation_run6,woFaults,acuteinflammation,test_roc_micro_auc_mode_none,1.0,none
132,PSNN_wSurrGPT_woFaults_acuteinflammation_run6,woFaults,acuteinflammation,test_roc_micro_auc_mode_single,1.0,single
133,PSNN_wSurrGPT_wFaults_acuteinflammation_run6,wFaults,acuteinflammation,test_acc_mode_none,0.6800000071525574,
134,PSNN_wSurrGPT_wFaults_acuteinflammation_run6,wFaults,acuteinflammation,test_acc_mode_single,0.6800000071525574,
135,PSNN_wSurrGPT_wFaults_acuteinflammation_run6,wFaults,acuteinflammation,val_loss,0.7281636595726013,
136,PSNN_wSurrGPT_wFaults_acuteinflammation_run6,wFaults,acuteinflammation,val_power,0.0005378720816224813,
137,PSNN_wSurrGPT_wFaults_acuteinflammation_run6,wFaults,acuteinflammation,test_roc_micro_auc,1.0,generic
138,PSNN_wSurrGPT_wFaults_acuteinflammation_run6,wFaults,acuteinflammation,test_roc_micro_auc_mode_none,1.0,none
139,PSNN_wSurrGPT_wFaults_acuteinflammation_run6,wFaults,acuteinflammation,test_roc_micro_auc_mode_single,1.0,single
140,PSNN_wSurrGPT_woFaults_cbf_run5,woFaults,cbf,test_acc_mode_none,0.5899999737739563,
141,PSNN_wSurrGPT_woFaults_cbf_run5,woFaults,cbf,test_acc_mode_single,0.5799999833106995,
142,PSNN_wSurrGPT_woFaults_cbf_run5,woFaults,cbf,val_loss,1.0781121253967283,
143,PSNN_wSurrGPT_woFaults_cbf_run5,woFaults,cbf,val_power,0.0030724238604307175,
144,PSNN_wSurrGPT_woFaults_cbf_run5,woFaults,cbf,test_roc_micro_auc,0.7124500274658203,generic
145,PSNN_wSurrGPT_woFaults_cbf_run5,woFaults,cbf,test_roc_micro_auc_mode_none,0.7124500274658203,none
146,PSNN_wSurrGPT_woFaults_cbf_run5,woFaults,cbf,test_roc_micro_auc_mode_single,0.7133499979972839,single
147,PSNN_wSurrGPT_wFaults_cbf_run5,wFaults,cbf,test_acc_mode_none,0.7799999713897705,
148,PSNN_wSurrGPT_wFaults_cbf_run5,wFaults,cbf,test_acc_mode_single,0.4099999964237213,
149,PSNN_wSurrGPT_wFaults_cbf_run5,wFaults,cbf,val_loss,1.1274335384368896,
150,PSNN_wSurrGPT_wFaults_cbf_run5,wFaults,cbf,val_power,0.009820006787776949,
151,PSNN_wSurrGPT_wFaults_cbf_run5,wFaults,cbf,test_roc_micro_auc,0.8363000154495239,generic
152,PSNN_wSurrGPT_wFaults_cbf_run5,wFaults,cbf,test_roc_micro_auc_mode_none,0.8363000154495239,none
153,PSNN_wSurrGPT_wFaults_cbf_run5,wFaults,cbf,test_roc_micro_auc_mode_single,0.6585000157356262,single
154,PSNN_wSurrGPT_woFaults_balancescale_run1,woFaults,balancescale,test_acc_mode_none,0.797468364238739,
155,PSNN_wSurrGPT_woFaults_balancescale_run1,woFaults,balancescale,test_acc_mode_single,0.797468364238739,
156,PSNN_wSurrGPT_woFaults_balancescale_run1,woFaults,balancescale,val_loss,0.8063349723815918,
157,PSNN_wSurrGPT_woFaults_balancescale_run1,woFaults,balancescale,val_power,0.0018751625902950764,
158,PSNN_wSurrGPT_woFaults_balancescale_run1,woFaults,balancescale,test_roc_micro_auc,0.8771030306816101,generic
159,PSNN_wSurrGPT_woFaults_balancescale_run1,woFaults,balancescale,test_roc_micro_auc_mode_none,0.8771030306816101,none
160,PSNN_wSurrGPT_woFaults_balancescale_run1,woFaults,balancescale,test_roc_micro_auc_mode_single,0.8695721626281738,single
161,PSNN_wSurrGPT_wFaults_balancescale_run1,wFaults,balancescale,test_acc_mode_none,0.8101266026496887,
162,PSNN_wSurrGPT_wFaults_balancescale_run1,wFaults,balancescale,test_acc_mode_single,0.7848101258277893,
163,PSNN_wSurrGPT_wFaults_balancescale_run1,wFaults,balancescale,val_loss,0.833350419998169,
164,PSNN_wSurrGPT_wFaults_balancescale_run1,wFaults,balancescale,val_power,0.0037914987187832594,
165,PSNN_wSurrGPT_wFaults_balancescale_run1,wFaults,balancescale,test_roc_micro_auc,0.8740586638450623,generic
166,PSNN_wSurrGPT_wFaults_balancescale_run1,wFaults,balancescale,test_roc_micro_auc_mode_none,0.8740586638450623,none
167,PSNN_wSurrGPT_wFaults_balancescale_run1,wFaults,balancescale,test_roc_micro_auc_mode_single,0.872215986251831,single
168,PSNN_wSurrGPT_woFaults_cbf_run6,woFaults,cbf,test_acc_mode_none,0.6899999976158142,
169,PSNN_wSurrGPT_woFaults_cbf_run6,woFaults,cbf,test_acc_mode_single,0.4600000083446502,
170,PSNN_wSurrGPT_woFaults_cbf_run6,woFaults,cbf,val_loss,1.0674711465835571,
171,PSNN_wSurrGPT_woFaults_cbf_run6,woFaults,cbf,val_power,0.0035734432749450207,
172,PSNN_wSurrGPT_woFaults_cbf_run6,woFaults,cbf,test_roc_micro_auc,0.8220499753952026,generic
173,PSNN_wSurrGPT_woFaults_cbf_run6,woFaults,cbf,test_roc_micro_auc_mode_none,0.8220499753952026,none
174,PSNN_wSurrGPT_woFaults_cbf_run6,woFaults,cbf,test_roc_micro_auc_mode_single,0.6660000085830688,single
175,PSNN_wSurrGPT_wFaults_cbf_run6,wFaults,cbf,test_acc_mode_none,0.7599999904632568,
176,PSNN_wSurrGPT_wFaults_cbf_run6,wFaults,cbf,test_acc_mode_single,0.6100000143051147,
177,PSNN_wSurrGPT_wFaults_cbf_run6,wFaults,cbf,val_loss,1.0621254444122314,
178,PSNN_wSurrGPT_wFaults_cbf_run6,wFaults,cbf,val_power,0.004124445375055075,
179,PSNN_wSurrGPT_wFaults_cbf_run6,wFaults,cbf,test_roc_micro_auc,0.8420000076293945,generic
180,PSNN_wSurrGPT_wFaults_cbf_run6,wFaults,cbf,test_roc_micro_auc_mode_none,0.8420000076293945,none
181,PSNN_wSurrGPT_wFaults_cbf_run6,wFaults,cbf,test_roc_micro_auc_mode_single,0.7832000255584717,single
182,PSNN_wSurrGPT_woFaults_distalphalanxtw_run1,woFaults,distalphalanxtw,test_acc_mode_none,0.4600000083446502,
183,PSNN_wSurrGPT_woFaults_distalphalanxtw_run1,woFaults,distalphalanxtw,test_acc_mode_single,0.4600000083446502,
184,PSNN_wSurrGPT_woFaults_distalphalanxtw_run1,woFaults,distalphalanxtw,val_loss,1.5551323890686035,
185,PSNN_wSurrGPT_woFaults_distalphalanxtw_run1,woFaults,distalphalanxtw,val_power,0.006647759582847357,
186,PSNN_wSurrGPT_woFaults_distalphalanxtw_run1,woFaults,distalphalanxtw,test_roc_micro_auc,0.7113900184631348,generic
187,PSNN_wSurrGPT_woFaults_distalphalanxtw_run1,woFaults,distalphalanxtw,test_roc_micro_auc_mode_none,0.7113900184631348,none
188,PSNN_wSurrGPT_woFaults_distalphalanxtw_run1,woFaults,distalphalanxtw,test_roc_micro_auc_mode_single,0.759660005569458,single
189,PSNN_wSurrGPT_wFaults_distalphalanxtw_run1,wFaults,distalphalanxtw,test_acc_mode_none,0.4600000083446502,
190,PSNN_wSurrGPT_wFaults_distalphalanxtw_run1,wFaults,distalphalanxtw,test_acc_mode_single,0.4600000083446502,
191,PSNN_wSurrGPT_wFaults_distalphalanxtw_run1,wFaults,distalphalanxtw,val_loss,1.55786395072937,
192,PSNN_wSurrGPT_wFaults_distalphalanxtw_run1,wFaults,distalphalanxtw,val_power,0.015040972270071508,
193,PSNN_wSurrGPT_wFaults_distalphalanxtw_run1,wFaults,distalphalanxtw,test_roc_micro_auc,0.7086799740791321,generic
194,PSNN_wSurrGPT_wFaults_distalphalanxtw_run1,wFaults,distalphalanxtw,test_roc_micro_auc_mode_none,0.7086799740791321,none
195,PSNN_wSurrGPT_wFaults_distalphalanxtw_run1,wFaults,distalphalanxtw,test_roc_micro_auc_mode_single,0.7173900008201599,single
196,PSNN_wSurrGPT_woFaults_balancescale_run2,woFaults,balancescale,test_acc_mode_none,0.8481012582778931,
197,PSNN_wSurrGPT_woFaults_balancescale_run2,woFaults,balancescale,test_acc_mode_single,0.8227847814559937,
198,PSNN_wSurrGPT_woFaults_balancescale_run2,woFaults,balancescale,val_loss,0.7939287424087524,
199,PSNN_wSurrGPT_woFaults_balancescale_run2,woFaults,balancescale,val_power,0.003339619841426611,
200,PSNN_wSurrGPT_woFaults_balancescale_run2,woFaults,balancescale,test_roc_micro_auc,0.8980932831764221,generic
201,PSNN_wSurrGPT_woFaults_balancescale_run2,woFaults,balancescale,test_roc_micro_auc_mode_none,0.8980932831764221,none
202,PSNN_wSurrGPT_woFaults_balancescale_run2,woFaults,balancescale,test_roc_micro_auc_mode_single,0.8932062387466431,single
203,PSNN_wSurrGPT_wFaults_balancescale_run2,wFaults,balancescale,test_acc_mode_none,0.8607594966888428,
204,PSNN_wSurrGPT_wFaults_balancescale_run2,wFaults,balancescale,test_acc_mode_single,0.8607594966888428,
205,PSNN_wSurrGPT_wFaults_balancescale_run2,wFaults,balancescale,val_loss,0.7801225781440735,
206,PSNN_wSurrGPT_wFaults_balancescale_run2,wFaults,balancescale,val_power,0.0033237740863114595,
207,PSNN_wSurrGPT_wFaults_balancescale_run2,wFaults,balancescale,test_roc_micro_auc,0.9031405448913574,generic
208,PSNN_wSurrGPT_wFaults_balancescale_run2,wFaults,balancescale,test_roc_micro_auc_mode_none,0.9031405448913574,none
209,PSNN_wSurrGPT_wFaults_balancescale_run2,wFaults,balancescale,test_roc_micro_auc_mode_single,0.9031405448913574,single
210,PSNN_wSurrGPT_woFaults_distalphalanxtw_run2,woFaults,distalphalanxtw,test_acc_mode_none,0.4600000083446502,
211,PSNN_wSurrGPT_woFaults_distalphalanxtw_run2,woFaults,distalphalanxtw,test_acc_mode_single,0.4600000083446502,
212,PSNN_wSurrGPT_woFaults_distalphalanxtw_run2,woFaults,distalphalanxtw,val_loss,1.5466898679733276,
213,PSNN_wSurrGPT_woFaults_distalphalanxtw_run2,woFaults,distalphalanxtw,val_power,0.0016478479374200106,
214,PSNN_wSurrGPT_woFaults_distalphalanxtw_run2,woFaults,distalphalanxtw,test_roc_micro_auc,0.7327700257301331,generic
215,PSNN_wSurrGPT_woFaults_distalphalanxtw_run2,woFaults,distalphalanxtw,test_roc_micro_auc_mode_none,0.7327700257301331,none
216,PSNN_wSurrGPT_woFaults_distalphalanxtw_run2,woFaults,distalphalanxtw,test_roc_micro_auc_mode_single,0.7386599779129028,single
217,PSNN_wSurrGPT_wFaults_distalphalanxtw_run2,wFaults,distalphalanxtw,test_acc_mode_none,0.4600000083446502,
218,PSNN_wSurrGPT_wFaults_distalphalanxtw_run2,wFaults,distalphalanxtw,test_acc_mode_single,0.4600000083446502,
219,PSNN_wSurrGPT_wFaults_distalphalanxtw_run2,wFaults,distalphalanxtw,val_loss,1.5641262531280518,
220,PSNN_wSurrGPT_wFaults_distalphalanxtw_run2,wFaults,distalphalanxtw,val_power,0.0017506101867184043,
221,PSNN_wSurrGPT_wFaults_distalphalanxtw_run2,wFaults,distalphalanxtw,test_roc_micro_auc,0.7613700032234192,generic
222,PSNN_wSurrGPT_wFaults_distalphalanxtw_run2,wFaults,distalphalanxtw,test_roc_micro_auc_mode_none,0.7613700032234192,none
223,PSNN_wSurrGPT_wFaults_distalphalanxtw_run2,wFaults,distalphalanxtw,test_roc_micro_auc_mode_single,0.7550399899482727,single
224,PSNN_wSurrGPT_woFaults_balancescale_run3,woFaults,balancescale,test_acc_mode_none,0.7215189933776855,
225,PSNN_wSurrGPT_woFaults_balancescale_run3,woFaults,balancescale,test_acc_mode_single,0.746835470199585,
226,PSNN_wSurrGPT_woFaults_balancescale_run3,woFaults,balancescale,val_loss,0.853220522403717,
227,PSNN_wSurrGPT_woFaults_balancescale_run3,woFaults,balancescale,val_power,0.0043797725811600685,
228,PSNN_wSurrGPT_woFaults_balancescale_run3,woFaults,balancescale,test_roc_micro_auc,0.8275116086006165,generic
229,PSNN_wSurrGPT_woFaults_balancescale_run3,woFaults,balancescale,test_roc_micro_auc_mode_none,0.8275116086006165,none
230,PSNN_wSurrGPT_woFaults_balancescale_run3,woFaults,balancescale,test_roc_micro_auc_mode_single,0.8346418738365173,single
231,PSNN_wSurrGPT_woFaults_distalphalanxtw_run3,woFaults,distalphalanxtw,test_acc_mode_none,0.4600000083446502,
232,PSNN_wSurrGPT_woFaults_distalphalanxtw_run3,woFaults,distalphalanxtw,test_acc_mode_single,0.4600000083446502,
233,PSNN_wSurrGPT_woFaults_distalphalanxtw_run3,woFaults,distalphalanxtw,val_loss,1.545315861701965,
234,PSNN_wSurrGPT_woFaults_distalphalanxtw_run3,woFaults,distalphalanxtw,val_power,0.0016570733860135078,
235,PSNN_wSurrGPT_woFaults_distalphalanxtw_run3,woFaults,distalphalanxtw,test_roc_micro_auc,0.7590199708938599,generic
236,PSNN_wSurrGPT_woFaults_distalphalanxtw_run3,woFaults,distalphalanxtw,test_roc_micro_auc_mode_none,0.7590199708938599,none
237,PSNN_wSurrGPT_woFaults_distalphalanxtw_run3,woFaults,distalphalanxtw,test_roc_micro_auc_mode_single,0.7691199779510498,single
238,PSNN_wSurrGPT_wFaults_distalphalanxtw_run3,wFaults,distalphalanxtw,test_acc_mode_none,0.4600000083446502,
239,PSNN_wSurrGPT_wFaults_distalphalanxtw_run3,wFaults,distalphalanxtw,test_acc_mode_single,0.4600000083446502,
240,PSNN_wSurrGPT_wFaults_distalphalanxtw_run3,wFaults,distalphalanxtw,val_loss,1.5486048460006714,
241,PSNN_wSurrGPT_wFaults_distalphalanxtw_run3,wFaults,distalphalanxtw,val_power,0.0009264100226573646,
242,PSNN_wSurrGPT_wFaults_distalphalanxtw_run3,wFaults,distalphalanxtw,test_roc_micro_auc,0.7884200215339661,generic
243,PSNN_wSurrGPT_wFaults_distalphalanxtw_run3,wFaults,distalphalanxtw,test_roc_micro_auc_mode_none,0.7884200215339661,none
244,PSNN_wSurrGPT_wFaults_distalphalanxtw_run3,wFaults,distalphalanxtw,test_roc_micro_auc_mode_single,0.7853099703788757,single
245,PSNN_wSurrGPT_wFaults_balancescale_run3,wFaults,balancescale,test_acc_mode_none,0.7088607549667358,
246,PSNN_wSurrGPT_wFaults_balancescale_run3,wFaults,balancescale,test_acc_mode_single,0.7721518874168396,
247,PSNN_wSurrGPT_wFaults_balancescale_run3,wFaults,balancescale,val_loss,0.8440309166908264,
248,PSNN_wSurrGPT_wFaults_balancescale_run3,wFaults,balancescale,val_power,0.005335042718797922,
249,PSNN_wSurrGPT_wFaults_balancescale_run3,wFaults,balancescale,test_roc_micro_auc,0.8324787616729736,generic
250,PSNN_wSurrGPT_wFaults_balancescale_run3,wFaults,balancescale,test_roc_micro_auc_mode_none,0.8324787616729736,none
251,PSNN_wSurrGPT_wFaults_balancescale_run3,wFaults,balancescale,test_roc_micro_auc_mode_single,0.8482614755630493,single
252,PSNN_wSurrGPT_woFaults_distalphalanxtw_run4,woFaults,distalphalanxtw,test_acc_mode_none,0.4600000083446502,
253,PSNN_wSurrGPT_woFaults_distalphalanxtw_run4,woFaults,distalphalanxtw,test_acc_mode_single,0.4600000083446502,
254,PSNN_wSurrGPT_woFaults_distalphalanxtw_run4,woFaults,distalphalanxtw,val_loss,1.5517266988754272,
255,PSNN_wSurrGPT_woFaults_distalphalanxtw_run4,woFaults,distalphalanxtw,val_power,0.0028078234754502773,
256,PSNN_wSurrGPT_woFaults_distalphalanxtw_run4,woFaults,distalphalanxtw,test_roc_micro_auc,0.7937399744987488,generic
257,PSNN_wSurrGPT_woFaults_distalphalanxtw_run4,woFaults,distalphalanxtw,test_roc_micro_auc_mode_none,0.7937399744987488,none
258,PSNN_wSurrGPT_woFaults_distalphalanxtw_run4,woFaults,distalphalanxtw,test_roc_micro_auc_mode_single,0.7893499732017517,single
259,PSNN_wSurrGPT_wFaults_distalphalanxtw_run4,wFaults,distalphalanxtw,test_acc_mode_none,0.4600000083446502,
260,PSNN_wSurrGPT_wFaults_distalphalanxtw_run4,wFaults,distalphalanxtw,test_acc_mode_single,0.4600000083446502,
261,PSNN_wSurrGPT_wFaults_distalphalanxtw_run4,wFaults,distalphalanxtw,val_loss,1.5769643783569336,
262,PSNN_wSurrGPT_wFaults_distalphalanxtw_run4,wFaults,distalphalanxtw,val_power,0.011324649676680563,
263,PSNN_wSurrGPT_wFaults_distalphalanxtw_run4,wFaults,distalphalanxtw,test_roc_micro_auc,0.7712399959564209,generic
264,PSNN_wSurrGPT_wFaults_distalphalanxtw_run4,wFaults,distalphalanxtw,test_roc_micro_auc_mode_none,0.7712399959564209,none
265,PSNN_wSurrGPT_wFaults_distalphalanxtw_run4,wFaults,distalphalanxtw,test_roc_micro_auc_mode_single,0.7650799751281738,single
266,PSNN_wSurrGPT_woFaults_balancescale_run4,woFaults,balancescale,val_loss,0.816987931728363,
267,PSNN_wSurrGPT_woFaults_balancescale_run4,woFaults,balancescale,val_power,0.0007245384040288627,
268,PSNN_wSurrGPT_woFaults_distalphalanxtw_run5,woFaults,distalphalanxtw,val_loss,1.552666425704956,
269,PSNN_wSurrGPT_woFaults_distalphalanxtw_run5,woFaults,distalphalanxtw,val_power,0.004119059536606073,
270,PSNN_wSurrGPT_wFaults_distalphalanxtw_run5,wFaults,distalphalanxtw,val_loss,1.5625970363616943,
271,PSNN_wSurrGPT_wFaults_distalphalanxtw_run5,wFaults,distalphalanxtw,val_power,0.0006336423684842885,
272,PSNN_wSurrGPT_wFaults_balancescale_run4,wFaults,balancescale,val_loss,0.9913771748542786,
273,PSNN_wSurrGPT_wFaults_balancescale_run4,wFaults,balancescale,val_power,0.0026657399721443653,
